paper,section,original_url,normalized_url,domain,extension,found_in_manual,matched_manual_url,manual_label,match_score,match_reason,heuristica_1_extension_url_o_archivo_prediction,heuristica_1_extension_url_o_archivo_raw_value,heuristica_2_http_metadata_prediction,heuristica_2_http_metadata_raw_value,heuristica_3_gap_kge_prediction,heuristica_3_gap_kge_raw_value,prediccion_final_label_prediction,prediccion_final_label_raw_value,decision_reason,total_score,heuristica_1_extension_url_o_archivo_score,heuristica_2_http_metadata_score,heuristica_3_gap_kge_score,gap_kge_style_matched,gap_kge_style_score
1505.04597v1.pdf,target,http://www.codesolorzano.com/celltrackingchallenge/Cell_Tracking_Challenge/Welcome.html,http://codesolorzano.com/celltrackingchallenge/Cell_Tracking_Challenge/Welcome.html,codesolorzano.com,.html,True,http://www.codesolorzano.com/,0,0.95,url_contains_other_url,0,False,0,False,1,True,1,dataset,gap_kge_detected_dataset,1,0,0,1,True,1
1505.04597v1.pdf,target,http://brainiac2.mit.edu/isbi_challenge/,http://brainiac2.mit.edu/isbi_challenge,brainiac2.mit.edu,,True,http://brainiac2.mit.edu/,0,0.95,url_contains_other_url,0,False,0,False,1,True,1,dataset,gap_kge_detected_dataset,1,0,0,1,True,1
1505.04597v1.pdf,body,http://lmb.informatik.uni-freiburg.de/people/ronneber/u-net,http://lmb.informatik.uni-freiburg.de/people/ronneber/u-net,lmb.informatik.uni-freiburg.de,,True,http://lmb.informatik.uni-freiburg.de/people/ronneber/u-net,0,1.0,exact_normalized_match,0,False,0,False,0,False,0,not_dataset,no_heuristic_matched,0,0,0,0,False,0
1505.04597v1.pdf,note,http://www.codesolorzano.com/,http://codesolorzano.com/,codesolorzano.com,,True,http://www.codesolorzano.com/,0,1.0,exact_normalized_match,0,False,0,False,0,False,0,not_dataset,no_heuristic_matched,0,0,0,0,False,0
1505.04597v1.pdf,note,http://brainiac2.mit.edu/,http://brainiac2.mit.edu/,brainiac2.mit.edu,,True,http://brainiac2.mit.edu/,0,1.0,exact_normalized_match,0,False,0,False,0,False,0,not_dataset,no_heuristic_matched,0,0,0,0,False,0
1506.02640v5.pdf,target,http://pjreddie.com/yolo/,http://pjreddie.com/yolo,pjreddie.com,,True,http://pjreddie.com/yolo/,0,1.0,exact_normalized_match,0,False,0,False,0,False,0,not_dataset,no_heuristic_matched,0,0,0,0,False,0
1506.02640v5.pdf,target,https://github.com/BVLC/caffe/wiki/Models-accuracy-on-ImageNet-2012-val.Ac-cessed:2015-10-2,https://github.com/BVLC/caffe/wiki/Models-accuracy-on-ImageNet-2012-val,github.com,,True,https://github.com/BVLC/caffe/wiki/,0,0.95,url_contains_other_url,0,False,0,False,0,False,0,not_dataset,no_heuristic_matched,0,0,0,0,False,0
1506.02640v5.pdf,target,"http://pjreddie.com/darknet/,2013-2016",http://pjreddie.com/darknet,pjreddie.com,,True,http://pjreddie.com/darknet/,0,1.0,exact_normalized_match,0,False,0,False,0,False,0,not_dataset,no_heuristic_matched,0,0,0,0,False,0
1506.02640v5.pdf,note,https://github.com/BVLC/caffe/wiki/,https://github.com/BVLC/caffe/wiki,github.com,,True,https://github.com/BVLC/caffe/wiki/,0,1.0,exact_normalized_match,0,False,0,False,0,False,0,not_dataset,no_heuristic_matched,0,0,0,0,False,0
1512.02595v1.pdf,target,http://www.voxforge.org,http://voxforge.org,voxforge.org,,True,http://www.voxforge.org,0,1.0,exact_normalized_match,0,False,1,True,1,True,1,dataset,gap_kge_detected_dataset,3,0,1,2,True,2
1512.02595v1.pdf,target,http://arxiv.org/abs/1508.04395,https://arxiv.org/abs/1508.04395,arxiv.org,.04395,True,http://arxiv.org/abs/1508.04395,0,1.0,exact_normalized_match,0,False,0,False,0,False,0,not_dataset,no_heuristic_matched,0,0,0,0,False,0
1512.02595v1.pdf,target,https://nvlabs.github.io/moderngpu/,https://nvlabs.github.io/moderngpu,nvlabs.github.io,,True,https://nvlabs.github.io/moderngpu/,0,1.0,exact_normalized_match,0,False,0,False,0,False,0,not_dataset,no_heuristic_matched,0,0,0,0,False,0
1512.02595v1.pdf,target,http://arxiv.org/abs/1508.01211,https://arxiv.org/abs/1508.01211,arxiv.org,.01211,True,http://arxiv.org/abs/1508.01211,0,1.0,exact_normalized_match,0,False,0,False,0,False,0,not_dataset,no_heuristic_matched,0,0,0,0,False,0
1512.02595v1.pdf,target,http://arxiv.org/abs/1412.1602,https://arxiv.org/abs/1412.1602,arxiv.org,.1602,True,http://arxiv.org/abs/1412.1602,0,1.0,exact_normalized_match,0,False,0,False,0,False,0,not_dataset,no_heuristic_matched,0,0,0,0,False,0
1512.02595v1.pdf,target,http://svail.github.io/rnn_perf,http://svail.github.io/rnn_perf,svail.github.io,,True,http://svail.github.io/rnn_perf,0,1.0,exact_normalized_match,0,False,0,False,0,False,0,not_dataset,no_heuristic_matched,0,0,0,0,False,0
1512.02595v1.pdf,target,http://arxiv.org/abs/1412.5567,https://arxiv.org/abs/1412.5567,arxiv.org,.5567,True,http://arxiv.org/abs/1412.5567,0,1.0,exact_normalized_match,0,False,0,False,0,False,0,not_dataset,no_heuristic_matched,0,0,0,0,False,0
1512.02595v1.pdf,target,http://arxiv.org/abs/1408.2873,https://arxiv.org/abs/1408.2873,arxiv.org,.2873,True,http://arxiv.org/abs/1408.2873,0,1.0,exact_normalized_match,0,False,0,False,0,False,0,not_dataset,no_heuristic_matched,0,0,0,0,False,0
1512.02595v1.pdf,target,http://arxiv.org/abs/1510.01378,https://arxiv.org/abs/1510.01378,arxiv.org,.01378,True,http://arxiv.org/abs/1510.01378,0,1.0,exact_normalized_match,0,False,0,False,0,False,0,not_dataset,no_heuristic_matched,0,0,0,0,False,0
1512.02595v1.pdf,target,https://github.com/NervanaSystems/nervanagpu,https://github.com/NervanaSystems/nervanagpu,github.com,,True,https://github.com/NervanaSystems/nervanagpu,0,1.0,exact_normalized_match,0,False,0,False,0,False,0,not_dataset,no_heuristic_matched,0,0,0,0,False,0
1512.02595v1.pdf,target,http://arxiv.org/abs/1211.5063,https://arxiv.org/abs/1211.5063,arxiv.org,.5063,True,http://arxiv.org/abs/1211.5063,0,1.0,exact_normalized_match,0,False,0,False,0,False,0,not_dataset,no_heuristic_matched,0,0,0,0,False,0
1512.02595v1.pdf,target,http://arxiv.org/abs/1507.06947,https://arxiv.org/abs/1507.06947,arxiv.org,.06947,True,http://arxiv.org/abs/1507.06947,0,1.0,exact_normalized_match,0,False,0,False,0,False,0,not_dataset,no_heuristic_matched,0,0,0,0,False,0
1512.02595v1.pdf,target,http://arxiv.org/abs/1409.3215,https://arxiv.org/abs/1409.3215,arxiv.org,.3215,True,http://arxiv.org/abs/1409.3215,0,1.0,exact_normalized_match,0,False,0,False,0,False,0,not_dataset,no_heuristic_matched,0,0,0,0,False,0
1512.02595v1.pdf,target,http://arxiv.org/abs/1502.03167,https://arxiv.org/abs/1502.03167,arxiv.org,.03167,True,http://arxiv.org/abs/1502.03167,0,1.0,exact_normalized_match,0,False,0,False,0,False,0,not_dataset,no_heuristic_matched,0,0,0,0,False,0
1512.02595v1.pdf,target,http://arxiv.org/abs/1410.4615,https://arxiv.org/abs/1410.4615,arxiv.org,.4615,True,http://arxiv.org/abs/1410.4615,0,1.0,exact_normalized_match,0,False,0,False,0,False,0,not_dataset,no_heuristic_matched,0,0,0,0,False,0
1512.02595v1.pdf,body,http://commoncrawl.org,http://commoncrawl.org,commoncrawl.org,,True,http://commoncrawl.org,1,1.0,exact_normalized_match,0,False,1,True,1,True,1,dataset,gap_kge_detected_dataset,3,0,1,2,True,2
1606.05250v3.pdf,target,https://stanford-qa.com,https://stanford-qa.com,stanford-qa.com,,True,https://stanford-qa.com,0,1.0,exact_normalized_match,0,False,0,False,0,False,0,not_dataset,no_heuristic_matched,0,0,0,0,False,0
1606.05250v3.pdf,target,https://worksheets.codalab.org/worksheets/0xd53d03a48ef64b329c16b9baf0f99b0c/,https://worksheets.codalab.org/worksheets/0xd53d03a48ef64b329c16b9baf0f99b0c,worksheets.codalab.org,,True,https://worksheets.codalab.org/worksheets/,0,0.95,url_contains_other_url,0,False,0,False,0,False,0,not_dataset,no_heuristic_matched,0,0,0,0,False,0
1606.05250v3.pdf,body,https://worksheets.codalab.org/worksheets/,https://worksheets.codalab.org/worksheets,worksheets.codalab.org,,True,https://worksheets.codalab.org/worksheets/,0,1.0,exact_normalized_match,0,False,0,False,0,False,0,not_dataset,no_heuristic_matched,0,0,0,0,False,0
1702.05373v2.pdf,target,https://www.westernsydney.edu.au/bens/home/reproducibleresearch/emnist,https://westernsydney.edu.au/bens/home/reproducibleresearch/emnist,westernsydney.edu.au,,True,https://www.westernsydney.edu.au/bens/home/,0,0.95,url_contains_other_url,0,False,0,False,0,False,0,not_dataset,no_heuristic_matched,0,0,0,0,False,0
1702.05373v2.pdf,target,http://www.nist.gov/srd/upload/nistsd19.pdf,http://nist.gov/srd/upload/nistsd19.pdf,nist.gov,.pdf,True,http://www.nist.gov/,0,0.95,url_contains_other_url,0,False,0,False,0,False,0,not_dataset,no_heuristic_matched,0,0,0,0,False,0
1702.05373v2.pdf,target,http://portal.acm.org/citation.cfm?doid=1141277.1141468,http://portal.acm.org/citation.cfm?doid=1141277.1141468,portal.acm.org,.cfm,True,http://portal.acm.org/citation.cfm?doid=1141277.1141468,0,1.0,exact_normalized_match,0,False,0,False,0,False,0,not_dataset,no_heuristic_matched,0,0,0,0,False,0
1702.05373v2.pdf,body,https://www.westernsydney.edu.au/bens/home/,https://westernsydney.edu.au/bens/home,westernsydney.edu.au,,True,https://www.westernsydney.edu.au/bens/home/,0,1.0,exact_normalized_match,0,False,0,False,0,False,0,not_dataset,no_heuristic_matched,0,0,0,0,False,0
1702.05373v2.pdf,note,http://www.nist.gov/,http://nist.gov/,nist.gov,,True,http://www.nist.gov/,0,1.0,exact_normalized_match,0,False,0,False,0,False,0,not_dataset,no_heuristic_matched,0,0,0,0,False,0
1702.05747v2.pdf,target,https://github.com/Lasagne/Lasagne,https://github.com/Lasagne/Lasagne,github.com,,True,https://github.com/,0,0.95,url_contains_other_url,0,False,0,False,0,False,0,not_dataset,no_heuristic_matched,0,0,0,0,False,0
1702.05747v2.pdf,target,https://keras.io/,https://keras.io/,keras.io,,False,,0,0.0,no_match_above_threshold,0,False,0,False,0,False,0,not_dataset,no_heuristic_matched,0,0,0,0,False,0
1702.05747v2.pdf,target,http://dx.doi.org/10.1109/TMI.2015.2476509,https://doi.org/10.1109/TMI.2015.2476509,doi.org,.2476509,True,https://doi.org/10,0,0.95,url_contains_other_url,0,False,0,False,0,False,0,not_dataset,no_heuristic_matched,0,0,0,0,False,0
1702.05747v2.pdf,body,www.grand-challenge.org,https://grand-challenge.org,grand-challenge.org,,True,www.grand-challenge.org,0,0.78,different_domain_but_shared_long_identifier,0,False,1,True,1,True,1,dataset,gap_kge_detected_dataset,4,0,1,3,True,3
1706.03762v7.pdf,target,https://github.com/tensorflow/tensor2tensor,https://github.com/tensorflow/tensor2tensor,github.com,,True,https://github.com/tensorflow/tensor2tensor,0,1.0,exact_normalized_match,0,False,0,False,0,False,0,not_dataset,no_heuristic_matched,0,0,0,0,False,0
1706.03762v7.pdf,body,https://github.com/,https://github.com,github.com,,True,https://github.com/,0,1.0,exact_normalized_match,0,False,0,False,0,False,0,not_dataset,no_heuristic_matched,0,0,0,0,False,0
1707.02919v2.pdf,target,http://www.lemurproject.org/,http://lemurproject.org/,lemurproject.org,,True,http://www.lemurproject.org/,0,1.0,exact_normalized_match,0,False,0,False,0,False,0,not_dataset,no_heuristic_matched,0,0,0,0,False,0
1707.02919v2.pdf,target,https://doi.org/10.3115/1119176.1119199,https://doi.org/10.3115/1119176.1119199,doi.org,.1119199,True,https://doi.org/10,0,0.95,url_contains_other_url,0,False,0,False,0,False,0,not_dataset,no_heuristic_matched,0,0,0,0,False,0
1707.02919v2.pdf,target,https://www.emc.com/collateral/analyst-reports/idc-the-digital-universe-in-2020.pdf,https://emc.com/collateral/analyst-reports/idc-the-digital-universe-in-2020.pdf,emc.com,.pdf,True,https://www.emc.com/collateral/analyst-reports/,0,0.95,url_contains_other_url,0,False,0,False,0,False,0,not_dataset,no_heuristic_matched,0,0,0,0,False,0
1707.02919v2.pdf,body,http://www.crisp-dm.org/,http://crisp-dm.org/,crisp-dm.org,,True,http://www.crisp-dm.org/,0,1.0,exact_normalized_match,0,False,0,False,0,False,0,not_dataset,no_heuristic_matched,0,0,0,0,False,0
1707.02919v2.pdf,body,http://en.wikipedia.org/wiki/Statistics,http://en.wikipedia.org/wiki/Statistics,en.wikipedia.org,,True,http://en.wikipedia.org/wiki/Statistics,0,1.0,exact_normalized_match,0,False,0,False,0,False,0,not_dataset,no_heuristic_matched,0,0,0,0,False,0
1707.02919v2.pdf,body,http://www.cs.waikato.ac.nz/ml/weka/,http://cs.waikato.ac.nz/ml/weka,cs.waikato.ac.nz,,True,http://www.cs.waikato.ac.nz/ml/weka/,0,1.0,exact_normalized_match,0,False,0,False,0,False,0,not_dataset,no_heuristic_matched,0,0,0,0,False,0
1707.02919v2.pdf,body,http://www.obofoundry.org/,http://obofoundry.org/,obofoundry.org,,True,http://www.obofoundry.org/,0,1.0,exact_normalized_match,0,False,0,False,0,False,0,not_dataset,no_heuristic_matched,0,0,0,0,False,0
1707.02919v2.pdf,body,http://www.bioontology.org/,http://bioontology.org/,bioontology.org,,True,http://www.bioontology.org/,0,1.0,exact_normalized_match,0,False,0,False,0,False,0,not_dataset,no_heuristic_matched,0,0,0,0,False,0
1707.02919v2.pdf,body,http://bioportal.bioontology.org/,http://bioportal.bioontology.org/,bioportal.bioontology.org,,True,http://bioportal.bioontology.org/,0,1.0,exact_normalized_match,0,False,0,False,0,False,0,not_dataset,no_heuristic_matched,0,0,0,0,False,0
1707.02919v2.pdf,body,https://uts.nlm.nih.gov/home.html,https://uts.nlm.nih.gov/home.html,uts.nlm.nih.gov,.html,True,https://uts.nlm.nih.gov/home.html,0,1.0,exact_normalized_match,0,False,0,False,0,False,0,not_dataset,no_heuristic_matched,0,0,0,0,False,0
1707.02919v2.pdf,body,http://www.pharmgkb.org/,http://pharmgkb.org/,pharmgkb.org,,True,http://www.pharmgkb.org/,0,1.0,exact_normalized_match,0,False,0,False,0,False,0,not_dataset,no_heuristic_matched,0,0,0,0,False,0
1707.02919v2.pdf,note,https://doi.org/10,https://doi.org/10,doi.org,,True,https://doi.org/10,0,1.0,exact_normalized_match,0,False,0,False,0,False,0,not_dataset,no_heuristic_matched,0,0,0,0,False,0
1707.02919v2.pdf,note,https://www.emc.com/collateral/analyst-reports/,https://emc.com/collateral/analyst-reports,emc.com,,True,https://www.emc.com/collateral/analyst-reports/,0,1.0,exact_normalized_match,0,False,0,False,0,False,0,not_dataset,no_heuristic_matched,0,0,0,0,False,0
1708.05031v2.pdf,doi,10.1145/3038912.3052569,https://doi.org/10.1145/3038912.3052569,doi.org,.3052569,True,https://doi.org/10,0,0.95,url_contains_other_url,0,False,0,False,0,False,0,not_dataset,no_heuristic_matched,0,0,0,0,False,0
1708.05031v2.pdf,body,http://alex.smola.org/teaching/berkeley2012/slides/8_,http://alex.smola.org/teaching/berkeley2012/slides/8_,alex.smola.org,,True,http://alex.smola.org/teaching/berkeley2012/slides/8_,0,1.0,exact_normalized_match,0,False,0,False,0,False,0,not_dataset,no_heuristic_matched,0,0,0,0,False,0
1708.05031v2.pdf,body,http://grouplens.org/datasets/movielens/1m/,http://grouplens.org/datasets/movielens/1m,grouplens.org,,True,http://grouplens.org/datasets/movielens/1m/,1,1.0,exact_normalized_match,1,True,1,True,1,True,1,dataset,gap_kge_detected_dataset,6,2,1,3,True,3
1708.05031v2.pdf,body,https://sites.google.com/site/xueatalphabeta/,https://sites.google.com/site/xueatalphabeta,sites.google.com,,True,https://sites.google.com/site/xueatalphabeta/,0,1.0,exact_normalized_match,0,False,0,False,0,False,0,not_dataset,no_heuristic_matched,0,0,0,0,False,0
1708.05031v2.pdf,body,https://github.com/hexiangnan/neural_,https://github.com/hexiangnan/neural_,github.com,,True,https://github.com/hexiangnan/neural_,0,1.0,exact_normalized_match,0,False,0,False,0,False,0,not_dataset,no_heuristic_matched,0,0,0,0,False,0
1710.10903v3.pdf,target,https://www.tensorflow.org/.Softwareavail-ablefromtensorflow.org,https://tensorflow.org,tensorflow.org,,True,https://www.tensorflow.org/,0,1.0,exact_normalized_match,0,False,0,False,0,False,0,not_dataset,no_heuristic_matched,0,0,0,0,False,0
1710.10903v3.pdf,target,http://arxiv.org/abs/1611.02344,https://arxiv.org/abs/1611.02344,arxiv.org,.02344,True,http://arxiv,0,0.95,url_contains_other_url,0,False,0,False,0,False,0,not_dataset,no_heuristic_matched,0,0,0,0,False,0
1710.10903v3.pdf,target,http://papers.nips.cc/paper/6863-vain-attentional-multi-agent-predictive-modeling.pdf,http://papers.nips.cc/paper/6863-vain-attentional-multi-agent-predictive-modeling.pdf,papers.nips.cc,.pdf,True,http://papers.nips.cc/paper/,0,0.95,url_contains_other_url,0,False,0,False,0,False,0,not_dataset,no_heuristic_matched,0,0,0,0,False,0
1710.10903v3.pdf,target,http://arxiv.org/abs/1410.3916,https://arxiv.org/abs/1410.3916,arxiv.org,.3916,True,http://arxiv.org/abs/1410.3916,0,1.0,exact_normalized_match,0,False,0,False,0,False,0,not_dataset,no_heuristic_matched,0,0,0,0,False,0
1710.10903v3.pdf,doi,10.1109/72.572108,https://doi.org/10.1109/72.572108,doi.org,.572108,True,https://doi.org/10,0,0.95,url_contains_other_url,0,False,0,False,0,False,0,not_dataset,no_heuristic_matched,0,0,0,0,False,0
1710.10903v3.pdf,body,https://github.com/PetarV-/GAT,https://github.com/PetarV-/GAT,github.com,,True,https://github.com/PetarV-/GAT,0,1.0,exact_normalized_match,0,False,0,False,0,False,0,not_dataset,no_heuristic_matched,0,0,0,0,False,0
1710.10903v3.pdf,note,http://papers.nips.cc/paper/,http://papers.nips.cc/paper,papers.nips.cc,,True,http://papers.nips.cc/paper/,0,1.0,exact_normalized_match,0,False,0,False,0,False,0,not_dataset,no_heuristic_matched,0,0,0,0,False,0
1810.04805v2.pdf,target,https://github.com/google-research/bert,https://github.com/google-research/bert,github.com,,True,https://github.com/,0,0.95,url_contains_other_url,0,False,0,False,0,False,0,not_dataset,no_heuristic_matched,0,0,0,0,False,0
1810.04805v2.pdf,target,https://gluebenchmark.com/leaderboard,https://gluebenchmark.com/leaderboard,gluebenchmark.com,,True,https://gluebenchmark.com/leaderboard,0,1.0,exact_normalized_match,0,False,0,False,1,True,1,dataset,gap_kge_detected_dataset,1,0,0,1,True,1
1810.04805v2.pdf,doi,10.18653/v1/S17-2001,https://doi.org/10.18653/v1/S17-2001,doi.org,,True,https://doi.org/10,0,0.95,url_contains_other_url,0,False,0,False,0,False,0,not_dataset,no_heuristic_matched,0,0,0,0,False,0
1810.04805v2.pdf,body,https://cloudplatform.googleblog.com/2018/06/Cloud-TPU-now-offers-preemptible-pricing-and-globalavailability.html•,https://cloudplatform.googleblog.com/2018/06/Cloud-TPU-now-offers-preemptible-pricing-and-globalavailability.html,cloudplatform.googleblog.com,.html,True,https://cloudplatform.googleblog.com/2018/06/Cloud-,0,0.95,url_contains_other_url,0,False,0,False,0,False,0,not_dataset,no_heuristic_matched,0,0,0,0,False,0
1810.04805v2.pdf,body,http://nlp.seas.harvard.edu/2018/04/03/attention.html,http://nlp.seas.harvard.edu/2018/04/03/attention.html,nlp.seas.harvard.edu,.html,True,http://nlp.seas.harvard.edu/2018/04/03/attention.html,0,1.0,exact_normalized_match,0,False,0,False,0,False,0,not_dataset,no_heuristic_matched,0,0,0,0,False,0
1810.04805v2.pdf,body,https://gluebenchmark.com/faq,https://gluebenchmark.com/faq,gluebenchmark.com,,True,https://gluebenchmark.com/faq,0,1.0,exact_normalized_match,0,False,0,False,0,False,0,not_dataset,no_heuristic_matched,0,0,0,0,False,0
1812.08434v6.pdf,target,https://github.com/ShinKyuY/Representation_Learning_on_Graphs_with_Jumping_Knowledge_Networks,https://github.com/ShinKyuY/Representation_Learning_on_Graphs_with_Jumping_Knowledge_Networks,github.com,,True,https://github.com/ShinKyuY/Representation_Learning_on_Graphs_with_Jumping_Knowledge_Networks,0,1.0,exact_normalized_match,0,False,0,False,0,False,0,not_dataset,no_heuristic_matched,0,0,0,0,False,0
1812.08434v6.pdf,target,https://github.com/Hanjun-Dai/steady_state_embedding,https://github.com/Hanjun-Dai/steady_state_embedding,github.com,,True,https://github.com/Hanjun-Dai/steady_state_embedding,0,1.0,exact_normalized_match,0,False,0,False,0,False,0,not_dataset,no_heuristic_matched,0,0,0,0,False,0
1812.08434v6.pdf,target,https://github.com/divelab/lgcn/,https://github.com/divelab/lgcn,github.com,,True,https://github.com/divelab/lgcn/,0,1.0,exact_normalized_match,0,False,0,False,0,False,0,not_dataset,no_heuristic_matched,0,0,0,0,False,0
1812.08434v6.pdf,target,https://github.com/matenure/FastGCN,https://github.com/matenure/FastGCN,github.com,,True,https://github.com/matenure/FastGCN,0,1.0,exact_normalized_match,0,False,0,False,0,False,0,not_dataset,no_heuristic_matched,0,0,0,0,False,0
1812.08434v6.pdf,target,https://github.com/RexYing/diffpool,https://github.com/RexYing/diffpool,github.com,,True,https://github.com/RexYing/diffpool,0,1.0,exact_normalized_match,0,False,0,False,0,False,0,not_dataset,no_heuristic_matched,0,0,0,0,False,0
1812.08434v6.pdf,target,https://github.com/snap-stanford/GraphRNN,https://github.com/snap-stanford/GraphRNN,github.com,,True,https://github.com/snap-stanford/GraphRNN,0,1.0,exact_normalized_match,0,False,0,False,0,False,0,not_dataset,no_heuristic_matched,0,0,0,0,False,0
1812.08434v6.pdf,target,https://github.com/nicola-decao/MolGAN,https://github.com/nicola-decao/MolGAN,github.com,,True,https://github.com/nicola-decao/MolGAN,0,1.0,exact_normalized_match,0,False,0,False,0,False,0,not_dataset,no_heuristic_matched,0,0,0,0,False,0
1812.08434v6.pdf,target,https://github.com/danielzuegner/netgan,https://github.com/danielzuegner/netgan,github.com,,True,https://github.com/danielzuegner/netgan,0,1.0,exact_normalized_match,0,False,0,False,0,False,0,not_dataset,no_heuristic_matched,0,0,0,0,False,0
1812.08434v6.pdf,target,https://github.com/liyaguang/DCRNN,https://github.com/liyaguang/DCRNN,github.com,,True,https://github.com/liyaguang/DCRNN,0,1.0,exact_normalized_match,0,False,0,False,0,False,0,not_dataset,no_heuristic_matched,0,0,0,0,False,0
1812.08434v6.pdf,target,https://github.com/yysijie/st-gcn,https://github.com/yysijie/st-gcn,github.com,,True,https://github.com/yysijie/st-gcn,0,1.0,exact_normalized_match,0,False,0,False,0,False,0,not_dataset,no_heuristic_matched,0,0,0,0,False,0
1812.08434v6.pdf,target,https://github.com/tkipf/relational-gcn,https://github.com/tkipf/relational-gcn,github.com,,True,https://github.com/tkipf/gcn,0,1.0,same_domain_token_overlap,0,False,0,False,0,False,0,not_dataset,no_heuristic_matched,0,0,0,0,False,0
1812.08434v6.pdf,target,https://github.com/huangwb/AS-GCN,https://github.com/huangwb/AS-GCN,github.com,,True,https://github.com/huangwb/AS-GCN,0,1.0,exact_normalized_match,0,False,0,False,0,False,0,not_dataset,no_heuristic_matched,0,0,0,0,False,0
1812.08434v6.pdf,target,https://github.com/ZhuangCY/DGCN,https://github.com/ZhuangCY/DGCN,github.com,,True,https://github.com/ZhuangCY/DGCN,0,1.0,exact_normalized_match,0,False,0,False,0,False,0,not_dataset,no_heuristic_matched,0,0,0,0,False,0
1812.08434v6.pdf,target,https://github.com/jennyzhang0215/GaAN,https://github.com/jennyzhang0215/GaAN,github.com,,True,https://github.com/jennyzhang0215/GaAN,0,1.0,exact_normalized_match,0,False,0,False,0,False,0,not_dataset,no_heuristic_matched,0,0,0,0,False,0
1812.08434v6.pdf,target,https://github.com/PetarV-/DGI,https://github.com/PetarV-/DGI,github.com,,True,https://github.com/PetarV-/DGI,0,1.0,exact_normalized_match,0,False,0,False,0,False,0,not_dataset,no_heuristic_matched,0,0,0,0,False,0
1812.08434v6.pdf,target,https://github.com/nnzhan/Graph-WaveNet,https://github.com/nnzhan/Graph-WaveNet,github.com,,True,https://github.com/nnzhan/Graph-WaveNet,0,1.0,exact_normalized_match,0,False,0,False,0,False,0,not_dataset,no_heuristic_matched,0,0,0,0,False,0
1812.08434v6.pdf,target,https://github.com/Jhy1993/HAN,https://github.com/Jhy1993/HAN,github.com,,True,https://github.com/Jhy1993/HAN,0,1.0,exact_normalized_match,0,False,0,False,0,False,0,not_dataset,no_heuristic_matched,0,0,0,0,False,0
1812.08434v6.pdf,target,https://github.com/thunlp/gnnpapers,https://github.com/thunlp/gnnpapers,github.com,,True,https://github.com/,0,0.95,url_contains_other_url,0,False,0,False,0,False,0,not_dataset,no_heuristic_matched,0,0,0,0,False,0
1812.08434v6.pdf,target,https://doi.org/10.24963/ijcai.2017/250,https://doi.org/10.24963/ijcai.2017/250,doi.org,,True,https://doi.org/10.24963/ijcai.2017/250,0,1.0,exact_normalized_match,0,False,0,False,0,False,0,not_dataset,no_heuristic_matched,0,0,0,0,False,0
1812.08434v6.pdf,target,http://socialcomputing.asu.edu,http://socialcomputing.asu.edu,socialcomputing.asu.edu,,True,http://soci,0,0.95,url_contains_other_url,0,False,0,False,0,False,0,not_dataset,no_heuristic_matched,0,0,0,0,False,0
1812.08434v6.pdf,doi,10.1016/j.aiopen.2021.01.001,https://doi.org/10.1016/j.aiopen.2021.01.001,doi.org,.001,True,https://doi.org/10.1016/j.aiopen.2021.01.001,0,1.0,exact_normalized_match,0,False,0,False,0,False,0,not_dataset,no_heuristic_matched,0,0,0,0,False,0
1812.08434v6.pdf,back,https://github.com/thunlp/,https://github.com/thunlp,github.com,,True,https://github.com/thunlp/,0,1.0,exact_normalized_match,0,False,0,False,0,False,0,not_dataset,no_heuristic_matched,0,0,0,0,False,0
1907.07374v5.pdf,target,http://www.heatmapping.org/slides/2018WCCI.pdf,http://heatmapping.org/slides/2018WCCI.pdf,heatmapping.org,.pdf,True,http://www.heatmapping.org/slides/2018,0,0.95,url_contains_other_url,0,False,0,False,0,False,0,not_dataset,no_heuristic_matched,0,0,0,0,False,0
1907.07374v5.pdf,target,http://iphome.hhi.de/samek/pdf/MonICML16.pdf,http://iphome.hhi.de/samek/pdf/MonICML16.pdf,iphome.hhi.de,.pdf,True,http://iphome,0,0.95,url_contains_other_url,0,False,0,False,0,False,0,not_dataset,no_heuristic_matched,0,0,0,0,False,0
1907.07374v5.pdf,target,https://pair-code.github.io/saliency/,https://pair-code.github.io/saliency,pair-code.github.io,,True,https://github.com/BVLC/caffe/wiki/,0,0.78,different_domain_but_shared_long_identifier,0,False,0,False,0,False,0,not_dataset,no_heuristic_matched,0,0,0,0,False,0
1907.07374v5.pdf,target,https://cs.stanford.edu/people/karpathy/cnnembed,https://cs.stanford.edu/people/karpathy/cnnembed,cs.stanford.edu,,True,https://cs.stanford,0,0.95,url_contains_other_url,0,False,0,False,0,False,0,not_dataset,no_heuristic_matched,0,0,0,0,False,0
1907.07374v5.pdf,target,https://distill.pub/2019/activation-atlas,https://distill.pub/2019/activation-atlas,distill.pub,,True,https://distill.pub/2019/activation-atlas,0,1.0,exact_normalized_match,0,False,0,False,0,False,0,not_dataset,no_heuristic_matched,0,0,0,0,False,0
1907.07374v5.pdf,body,https://distill.pub/2018/building-blocks/,https://distill.pub/2018/building-blocks,distill.pub,,True,https://distill.pub/2018/building-blocks/,0,1.0,exact_normalized_match,0,False,0,False,0,False,0,not_dataset,no_heuristic_matched,0,0,0,0,False,0
1907.07374v5.pdf,note,http://www.heatmapping.org/slides/2018,http://heatmapping.org/slides/2018,heatmapping.org,,True,http://www.heatmapping.org/slides/2018,0,1.0,exact_normalized_match,0,False,0,False,0,False,0,not_dataset,no_heuristic_matched,0,0,0,0,False,0
1907.07374v5.pdf,note,https://cs.stanford,https://cs.stanford,cs.stanford,,True,https://cs.stanford,0,1.0,exact_normalized_match,0,False,0,False,0,False,0,not_dataset,no_heuristic_matched,0,0,0,0,False,0
1908.04515v1.pdf,doi,10.1364/optica.XX.XXXXXX,https://doi.org/10.1364/optica.XX.XXXXXX,doi.org,.xxxxxx,True,https://doi.org/10,0,0.95,url_contains_other_url,0,False,0,False,0,False,0,not_dataset,no_heuristic_matched,0,0,0,0,False,0
2101.00027v1.pdf,target,https://pile.eleuther.ai/,https://pile.eleuther.ai/,pile.eleuther.ai,,True,https://pile.eleuther.ai/,1,1.0,exact_normalized_match,0,False,0,False,0,False,0,not_dataset,no_heuristic_matched,0,0,0,0,False,0
2101.00027v1.pdf,target,https://archiveofourown.org/,https://archiveofourown.org/,archiveofourown.org,,False,,0,0.0,no_match_above_threshold,0,False,0,False,0,False,0,not_dataset,no_heuristic_matched,0,0,0,0,False,0
2101.00027v1.pdf,target,https://github.com/SpamScope/mail-parser,https://github.com/SpamScope/mail-parser,github.com,,True,https://github.com/,0,0.95,url_contains_other_url,0,False,0,False,0,False,0,not_dataset,no_heuristic_matched,0,0,0,0,False,0
2101.00027v1.pdf,target,https://www.google.com/recaptcha/api.js?render=,https://google.com/recaptcha/api.js?render=,google.com,.js,True,https://www.google.com/recaptcha/api.js?render=*site,0,1.0,exact_normalized_match,0,False,0,False,0,False,0,not_dataset,no_heuristic_matched,0,0,0,0,False,0
2101.00027v1.pdf,target,http://Skylion007.github.io/OpenWebTextCorpus,http://skylion007.github.io/OpenWebTextCorpus,skylion007.github.io,,True,http://Skylion007.github.io/,0,0.95,url_contains_other_url,0,False,0,False,0,False,0,not_dataset,no_heuristic_matched,0,0,0,0,False,0
2101.00027v1.pdf,target,https://github.com/BIGBALLON/cifar-10-cnn,https://github.com/BIGBALLON/cifar-10-cnn,github.com,,True,https://github.com/,0,0.95,url_contains_other_url,0,False,0,False,0,False,0,not_dataset,no_heuristic_matched,0,0,0,0,False,0
2101.00027v1.pdf,target,http://arXiv.org/abs/cs/0205028,http://arxiv.org/abs/cs/0205028,arxiv.org,,True,http://arxiv,0,0.95,url_contains_other_url,0,False,0,False,0,False,0,not_dataset,no_heuristic_matched,0,0,0,0,False,0
2101.00027v1.pdf,target,https://twitter.com/theshawwn/status/1320282149329784833,https://twitter.com/theshawwn/status/1320282149329784833,twitter.com,,False,,0,0.0,no_match_above_threshold,0,False,0,False,0,False,0,not_dataset,no_heuristic_matched,0,0,0,0,False,0
2101.00027v1.pdf,doi,10.5281/zenodo.2591652,https://doi.org/10.5281/zenodo.2591652,doi.org,.2591652,True,https://doi.org/10,0,0.95,url_contains_other_url,0,False,1,True,0,False,1,dataset,http_metadata_detected_dataset,1,0,1,0,False,0
2101.00027v1.pdf,body,www.fanfiction.net,https://fanfiction.net,fanfiction.net,,True,www.fanfiction.net,0,0.78,different_domain_but_shared_long_identifier,0,False,0,False,0,False,0,not_dataset,no_heuristic_matched,0,0,0,0,False,0
2101.00027v1.pdf,body,https://github.com/SpamScope/,https://github.com/SpamScope,github.com,,True,https://github.com/SpamScope/,0,1.0,exact_normalized_match,0,False,0,False,0,False,0,not_dataset,no_heuristic_matched,0,0,0,0,False,0
2101.00027v1.pdf,body,https://www.google.com/recaptcha/api.js?render=*site,https://google.com/recaptcha/api.js?render=%2Asite,google.com,.js,True,https://www.google.com/recaptcha/api.js?render=*site,0,1.0,exact_normalized_match,0,False,0,False,0,False,0,not_dataset,no_heuristic_matched,0,0,0,0,False,0
2101.00027v1.pdf,body,https://arxiv.org/help/,https://arxiv.org/help,arxiv.org,,True,https://arxiv.org/help/,0,1.0,exact_normalized_match,0,False,0,False,0,False,0,not_dataset,no_heuristic_matched,0,0,0,0,False,0
2101.00027v1.pdf,body,https://launchpad.net/bugs/1627643,https://launchpad.net/bugs/1627643,launchpad.net,,True,https://launchpad.net/bugs/1627643,0,1.0,exact_normalized_match,0,False,0,False,0,False,0,not_dataset,no_heuristic_matched,0,0,0,0,False,0
2101.00027v1.pdf,body,https://github.com/EleutherAI/,https://github.com/EleutherAI,github.com,,True,https://github.com/EleutherAI/,0,1.0,exact_normalized_match,0,False,0,False,0,False,0,not_dataset,no_heuristic_matched,0,0,0,0,False,0
2101.00027v1.pdf,body,https://www.courtlistener.com/,https://courtlistener.com/,courtlistener.com,,True,https://www.courtlistener.com/,0,1.0,exact_normalized_match,0,False,0,False,0,False,0,not_dataset,no_heuristic_matched,0,0,0,0,False,0
2101.00027v1.pdf,body,https://archive.org/details/,https://archive.org/details,archive.org,,True,https://archive.org/details/,0,1.0,exact_normalized_match,0,False,0,False,1,True,1,dataset,gap_kge_detected_dataset,1,0,0,1,True,1
2101.00027v1.pdf,body,https://bulkdata.uspto.gov/,https://bulkdata.uspto.gov/,bulkdata.uspto.gov,,True,https://bulkdata.uspto.gov/,1,1.0,exact_normalized_match,0,False,0,False,0,False,0,not_dataset,no_heuristic_matched,0,0,0,0,False,0
2101.00027v1.pdf,body,https://irclogs.ubuntu.com/,https://irclogs.ubuntu.com/,irclogs.ubuntu.com,,True,https://irclogs.ubuntu.com/,0,1.0,exact_normalized_match,0,False,0,False,0,False,0,not_dataset,no_heuristic_matched,0,0,0,0,False,0
2101.00027v1.pdf,body,https://philpapers.org/,https://philpapers.org/,philpapers.org,,True,https://philpapers.org/,0,1.0,exact_normalized_match,0,False,0,False,0,False,0,not_dataset,no_heuristic_matched,0,0,0,0,False,0
2101.00027v1.pdf,body,https://exporter.nih.gov/,https://exporter.nih.gov/,exporter.nih.gov,,True,https://exporter.nih.gov/,0,1.0,exact_normalized_match,0,False,0,False,0,False,0,not_dataset,no_heuristic_matched,0,0,0,0,False,0
2101.00027v1.pdf,body,https://news.ycombinator.com,https://news.ycombinator.com,news.ycombinator.com,,True,https://news.ycombinator.com,0,1.0,exact_normalized_match,0,False,0,False,0,False,0,not_dataset,no_heuristic_matched,0,0,0,0,False,0
2101.00027v1.pdf,body,http://data.statmt,http://data.statmt,data.statmt,,True,http://data.statmt,1,1.0,exact_normalized_match,0,False,0,False,1,True,1,dataset,gap_kge_detected_dataset,1,0,0,1,True,1
2101.00027v1.pdf,body,https://www.tensorflow.org/datasets/,https://tensorflow.org/datasets,tensorflow.org,,True,https://www.tensorflow.org/datasets/,1,1.0,exact_normalized_match,1,True,0,False,1,True,1,dataset,gap_kge_detected_dataset,3,2,0,1,True,1
2101.00027v1.pdf,body,https://arxiv.org/help/bulk_data_s3,https://arxiv.org/help/bulk_data_s3,arxiv.org,,True,https://arxiv.org/help/bulk_data_s3,1,1.0,exact_normalized_match,0,False,0,False,1,True,1,dataset,gap_kge_detected_dataset,1,0,0,1,True,1
2101.00027v1.pdf,body,https://www.courtlistener.com/api/,https://courtlistener.com/api,courtlistener.com,,True,https://www.courtlistener.com/api/,0,1.0,exact_normalized_match,0,False,0,False,0,False,0,not_dataset,no_heuristic_matched,0,0,0,0,False,0
2101.00027v1.pdf,body,http://www.statmt.org/europarl/,http://statmt.org/europarl,statmt.org,,True,http://www.statmt.org/europarl/,0,1.0,exact_normalized_match,0,False,0,False,0,False,0,not_dataset,no_heuristic_matched,0,0,0,0,False,0
2101.00027v1.pdf,body,https://github.com/jdepoix/,https://github.com/jdepoix,github.com,,True,https://github.com/jdepoix/,0,1.0,exact_normalized_match,0,False,0,False,0,False,0,not_dataset,no_heuristic_matched,0,0,0,0,False,0
2101.00027v1.pdf,body,https://github.com/vphill/,https://github.com/vphill,github.com,,True,https://github.com/vphill/,0,1.0,exact_normalized_match,0,False,0,False,0,False,0,not_dataset,no_heuristic_matched,0,0,0,0,False,0
2101.00027v1.pdf,body,https://github.com/sdtblck/PDFextract,https://github.com/sdtblck/PDFextract,github.com,,True,https://github.com/sdtblck/PDFextract,0,1.0,exact_normalized_match,0,False,0,False,0,False,0,not_dataset,no_heuristic_matched,0,0,0,0,False,0
2101.00027v1.pdf,body,https://github.com/ekzhu/datasketch,https://github.com/ekzhu/datasketch,github.com,,True,https://github.com/ekzhu/datasketch,0,1.0,exact_normalized_match,1,True,0,False,0,False,1,dataset,extension_or_downloaded_file_detected_dataset,1,1,0,0,False,0
2101.00027v1.pdf,note,http://Skylion007.github.io/,http://skylion007.github.io/,skylion007.github.io,,True,http://Skylion007.github.io/,0,1.0,exact_normalized_match,0,False,0,False,0,False,0,not_dataset,no_heuristic_matched,0,0,0,0,False,0
2101.00027v1.pdf,note,https://github.com/BIGBALLON/,https://github.com/BIGBALLON,github.com,,True,https://github.com/BIGBALLON/,0,1.0,exact_normalized_match,0,False,0,False,0,False,0,not_dataset,no_heuristic_matched,0,0,0,0,False,0
2105.03011v1.pdf,doi,10.18653/v1/2020.findings-emnlp.66,https://doi.org/10.18653/v1/2020.findings-emnlp.66,doi.org,.66,True,https://doi.org/10,0,0.95,url_contains_other_url,0,False,0,False,0,False,0,not_dataset,no_heuristic_matched,0,0,0,0,False,0
2105.03011v1.pdf,doi,10.18653/v1/D18-1241,https://doi.org/10.18653/v1/D18-1241,doi.org,,True,https://doi.org/10,0,0.95,url_contains_other_url,0,False,0,False,0,False,0,not_dataset,no_heuristic_matched,0,0,0,0,False,0
2105.03011v1.pdf,doi,10.1162/tacl_a_00317,https://doi.org/10.1162/tacl_a_00317,doi.org,,True,https://doi.org/10,0,0.95,url_contains_other_url,0,False,0,False,0,False,0,not_dataset,no_heuristic_matched,0,0,0,0,False,0
2105.03011v1.pdf,doi,10.18653/v1/D19-1606,https://doi.org/10.18653/v1/D19-1606,doi.org,,True,https://doi.org/10,0,0.95,url_contains_other_url,0,False,0,False,0,False,0,not_dataset,no_heuristic_matched,0,0,0,0,False,0
2105.03011v1.pdf,doi,10.18653/v1/N19-1423,https://doi.org/10.18653/v1/N19-1423,doi.org,,True,https://doi.org/10,0,0.95,url_contains_other_url,0,False,0,False,0,False,0,not_dataset,no_heuristic_matched,0,0,0,0,False,0
2105.03011v1.pdf,doi,10.18653/v1/N19-1246,https://doi.org/10.18653/v1/N19-1246,doi.org,,True,https://doi.org/10,0,0.95,url_contains_other_url,0,False,0,False,0,False,0,not_dataset,no_heuristic_matched,0,0,0,0,False,0
2105.03011v1.pdf,doi,10.18653/v1/2020.emnlp-main.86,https://doi.org/10.18653/v1/2020.emnlp-main.86,doi.org,.86,True,https://doi.org/10,0,0.95,url_contains_other_url,0,False,0,False,0,False,0,not_dataset,no_heuristic_matched,0,0,0,0,False,0
2105.03011v1.pdf,doi,10.18653/v1/P18-1031,https://doi.org/10.18653/v1/P18-1031,doi.org,,True,https://doi.org/10,0,0.95,url_contains_other_url,0,False,0,False,0,False,0,not_dataset,no_heuristic_matched,0,0,0,0,False,0
2105.03011v1.pdf,doi,10.18653/v1/D19-1259,https://doi.org/10.18653/v1/D19-1259,doi.org,,True,https://doi.org/10,0,0.95,url_contains_other_url,0,False,0,False,0,False,0,not_dataset,no_heuristic_matched,0,0,0,0,False,0
2105.03011v1.pdf,doi,10.18653/v1/P17-1147,https://doi.org/10.18653/v1/P17-1147,doi.org,,True,https://doi.org/10,0,0.95,url_contains_other_url,0,False,0,False,0,False,0,not_dataset,no_heuristic_matched,0,0,0,0,False,0
2105.03011v1.pdf,doi,10.18653/v1/2020.findings-emnlp.171,https://doi.org/10.18653/v1/2020.findings-emnlp.171,doi.org,.171,True,https://doi.org/10,0,0.95,url_contains_other_url,0,False,0,False,0,False,0,not_dataset,no_heuristic_matched,0,0,0,0,False,0
2105.03011v1.pdf,doi,10.1162/tacl_a_00023,https://doi.org/10.1162/tacl_a_00023,doi.org,,True,https://doi.org/10,0,0.95,url_contains_other_url,0,False,0,False,0,False,0,not_dataset,no_heuristic_matched,0,0,0,0,False,0
2105.03011v1.pdf,doi,10.1162/tacl_a_00276,https://doi.org/10.1162/tacl_a_00276,doi.org,,True,https://doi.org/10,0,0.95,url_contains_other_url,0,False,0,False,0,False,0,not_dataset,no_heuristic_matched,0,0,0,0,False,0
2105.03011v1.pdf,doi,10.18653/v1/2020.acl-main.703,https://doi.org/10.18653/v1/2020.acl-main.703,doi.org,.703,True,https://doi.org/10,0,0.95,url_contains_other_url,0,False,0,False,0,False,0,not_dataset,no_heuristic_matched,0,0,0,0,False,0
2105.03011v1.pdf,doi,10.18653/v1/2020.acl-main.604,https://doi.org/10.18653/v1/2020.acl-main.604,doi.org,.604,True,https://doi.org/10,0,0.95,url_contains_other_url,0,False,0,False,0,False,0,not_dataset,no_heuristic_matched,0,0,0,0,False,0
2105.03011v1.pdf,doi,10.18653/v1/2020.acl-main.447,https://doi.org/10.18653/v1/2020.acl-main.447,doi.org,.447,True,https://doi.org/10,0,0.95,url_contains_other_url,0,False,0,False,0,False,0,not_dataset,no_heuristic_matched,0,0,0,0,False,0
2105.03011v1.pdf,doi,10.18653/v1/W18-5301,https://doi.org/10.18653/v1/W18-5301,doi.org,,True,https://doi.org/10,0,0.95,url_contains_other_url,0,False,0,False,0,False,0,not_dataset,no_heuristic_matched,0,0,0,0,False,0
2105.03011v1.pdf,doi,10.18653/v1/2020.emnlp-demos.17,https://doi.org/10.18653/v1/2020.emnlp-demos.17,doi.org,.17,True,https://doi.org/10,0,0.95,url_contains_other_url,0,False,0,False,0,False,0,not_dataset,no_heuristic_matched,0,0,0,0,False,0
2105.03011v1.pdf,doi,10.18653/v1/D18-1258,https://doi.org/10.18653/v1/D18-1258,doi.org,,True,https://doi.org/10,0,0.95,url_contains_other_url,0,False,0,False,0,False,0,not_dataset,no_heuristic_matched,0,0,0,0,False,0
2105.03011v1.pdf,doi,10.18653/v1/2020.bionlp-1.15,https://doi.org/10.18653/v1/2020.bionlp-1.15,doi.org,.15,True,https://doi.org/10,0,0.95,url_contains_other_url,0,False,0,False,0,False,0,not_dataset,no_heuristic_matched,0,0,0,0,False,0
2105.03011v1.pdf,doi,10.18653/v1/D16-1264,https://doi.org/10.18653/v1/D16-1264,doi.org,,True,https://doi.org/10,0,0.95,url_contains_other_url,0,False,0,False,0,False,0,not_dataset,no_heuristic_matched,0,0,0,0,False,0
2105.03011v1.pdf,doi,10.18653/v1/D19-1500,https://doi.org/10.18653/v1/D19-1500,doi.org,,True,https://doi.org/10,0,0.95,url_contains_other_url,0,False,0,False,0,False,0,not_dataset,no_heuristic_matched,0,0,0,0,False,0
2105.03011v1.pdf,doi,10.1162/tacl_a_00266,https://doi.org/10.1162/tacl_a_00266,doi.org,,True,https://doi.org/10,0,0.95,url_contains_other_url,0,False,0,False,0,False,0,not_dataset,no_heuristic_matched,0,0,0,0,False,0
2105.03011v1.pdf,doi,10.18653/v1/W17-2623,https://doi.org/10.18653/v1/W17-2623,doi.org,,True,https://doi.org/10,0,0.95,url_contains_other_url,0,False,0,False,0,False,0,not_dataset,no_heuristic_matched,0,0,0,0,False,0
2105.03011v1.pdf,doi,10.1162/tacl_a_00021,https://doi.org/10.1162/tacl_a_00021,doi.org,,True,https://doi.org/10,0,0.95,url_contains_other_url,0,False,0,False,0,False,0,not_dataset,no_heuristic_matched,0,0,0,0,False,0
2105.03011v1.pdf,doi,10.18653/v1/D15-1237,https://doi.org/10.18653/v1/D15-1237,doi.org,,True,https://doi.org/10,0,0.95,url_contains_other_url,0,False,0,False,0,False,0,not_dataset,no_heuristic_matched,0,0,0,0,False,0
2105.03011v1.pdf,doi,10.18653/v1/D18-1259,https://doi.org/10.18653/v1/D18-1259,doi.org,,True,https://doi.org/10,0,0.95,url_contains_other_url,0,False,0,False,0,False,0,not_dataset,no_heuristic_matched,0,0,0,0,False,0
2105.03011v1.pdf,body,https://allenai.org/project/qasper,https://allenai.org/project/qasper,allenai.org,,False,,0,0.0,no_match_above_threshold,0,False,0,False,0,False,0,not_dataset,no_heuristic_matched,0,0,0,0,False,0
2105.03011v1.pdf,body,http://semanticscholar.org,http://semanticscholar.org,semanticscholar.org,,True,http://semanticscholar.org,0,1.0,exact_normalized_match,0,False,0,False,0,False,0,not_dataset,no_heuristic_matched,0,0,0,0,False,0
2105.03011v1.pdf,body,https://www.upwork.com/,https://upwork.com/,upwork.com,,True,https://www.upwork.com/,0,1.0,exact_normalized_match,0,False,0,False,0,False,0,not_dataset,no_heuristic_matched,0,0,0,0,False,0
2105.03011v1.pdf,body,https://paperswithcode.com/task/,https://paperswithcode.com/task,paperswithcode.com,,True,https://paperswithcode.com/task/,0,1.0,exact_normalized_match,0,False,0,False,0,False,0,not_dataset,no_heuristic_matched,0,0,0,0,False,0
2111.02114v1.pdf,body,https://laion.ai/laion-400-open-dataset/,https://laion.ai/laion-400-open-dataset,laion.ai,,True,https://laion.ai/laion-400-open-dataset/,1,1.0,exact_normalized_match,1,True,0,False,1,True,1,dataset,gap_kge_detected_dataset,2,1,0,1,True,1
2111.02114v1.pdf,body,https://rom1504.github.io/clip-retrieval/,https://rom1504.github.io/clip-retrieval,rom1504.github.io,,True,https://rom1504.github.io/clip-retrieval/,0,1.0,exact_normalized_match,0,False,0,False,0,False,0,not_dataset,no_heuristic_matched,0,0,0,0,False,0
2111.02114v1.pdf,body,https://github.com/rom1504/img2dataset,https://github.com/rom1504/img2dataset,github.com,,True,https://github.com/rom1504/img2dataset,0,1.0,exact_normalized_match,0,False,0,False,0,False,0,not_dataset,no_heuristic_matched,0,0,0,0,False,0
4449.pdf,target,http://research.microsoft.com/barc/SortBenchmark/,http://research.microsoft.com/barc/SortBenchmark,research.microsoft.com,,True,http://research.microsoft.com/barc/SortBenchmark/,0,1.0,exact_normalized_match,0,False,0,False,0,False,0,not_dataset,no_heuristic_matched,0,0,0,0,False,0
4449.pdf,target,http://alme1.almaden.ibm.com/cs/spsort.pdf,http://alme1.almaden.ibm.com/cs/spsort.pdf,alme1.almaden.ibm.com,.pdf,True,http://alme1.almaden.ibm.com/cs/spsort.pdf,0,1.0,exact_normalized_match,0,False,0,False,0,False,0,not_dataset,no_heuristic_matched,0,0,0,0,False,0
NIPS-2012-imagenet-classification-with-deep-convolutional-neural-networks-Paper.pdf,target,www.image-net.org/challenges,https://image-net.org/challenges,image-net.org,,True,http://www.image-net.org/challenges/LSVRC/2012/,0,0.95,url_contains_other_url,1,True,1,True,1,True,1,dataset,gap_kge_detected_dataset,4,1,1,2,True,2
NIPS-2012-imagenet-classification-with-deep-convolutional-neural-networks-Paper.pdf,target,http://www.image-net.org/challenges/LSVRC/2012/,http://image-net.org/challenges/LSVRC/2012,image-net.org,,True,http://www.image-net.org/challenges/LSVRC/2012/,0,1.0,exact_normalized_match,1,True,1,True,1,True,1,dataset,gap_kge_detected_dataset,4,1,1,2,True,2
NIPS-2012-imagenet-classification-with-deep-convolutional-neural-networks-Paper.pdf,target,http://authors.library.caltech.edu/7694,http://authors.library.caltech.edu/7694,authors.library.caltech.edu,,True,http://authors.library.caltech.edu/7694,0,1.0,exact_normalized_match,0,False,0,False,0,False,0,not_dataset,no_heuristic_matched,0,0,0,0,False,0
NIPS-2012-imagenet-classification-with-deep-convolutional-neural-networks-Paper.pdf,body,http://code.google.com/p/cuda-convnet/,http://code.google.com/p/cuda-convnet,code.google.com,,True,http://code.google.com/p/cuda-convnet/,0,1.0,exact_normalized_match,0,False,0,False,0,False,0,not_dataset,no_heuristic_matched,0,0,0,0,False,0
TSP_IASC_36323.pdf,target,https://doi.org/10.1016/j.media.2021.102188,https://doi.org/10.1016/j.media.2021.102188,doi.org,.102188,True,https://doi.org/10.1016/j.media.2021.102188,0,1.0,exact_normalized_match,0,False,0,False,0,False,0,not_dataset,no_heuristic_matched,0,0,0,0,False,0
TSP_IASC_36323.pdf,target,https://doi.org/10.1142/9789811239014_0005,https://doi.org/10.1142/9789811239014_0005,doi.org,,True,https://doi.org/10.1142/9789811239014_0005,0,1.0,exact_normalized_match,0,False,0,False,0,False,0,not_dataset,no_heuristic_matched,0,0,0,0,False,0
TSP_IASC_36323.pdf,target,https://doi.org/10.1016/j.inffus.2020.04.002,https://doi.org/10.1016/j.inffus.2020.04.002,doi.org,.002,True,https://doi.org/10.1016/j.inffus.2020.04.002,0,1.0,exact_normalized_match,0,False,0,False,0,False,0,not_dataset,no_heuristic_matched,0,0,0,0,False,0
TSP_IASC_36323.pdf,target,https://doi.org/10.1016/j.patcog.2021.108146,https://doi.org/10.1016/j.patcog.2021.108146,doi.org,.108146,True,https://doi.org/10.1016/j.patcog.2021.108146,0,1.0,exact_normalized_match,0,False,0,False,0,False,0,not_dataset,no_heuristic_matched,0,0,0,0,False,0
TSP_IASC_36323.pdf,target,https://doi.org/10.1088/1755-1315/428/1/012097,https://doi.org/10.1088/1755-1315/428/1/012097,doi.org,,True,https://doi.org/10.1088/1755-1315/428/1/012097,0,1.0,exact_normalized_match,0,False,0,False,0,False,0,not_dataset,no_heuristic_matched,0,0,0,0,False,0
TSP_IASC_36323.pdf,target,https://doi.org/10.1016/j.neucom.2022.03.062,https://doi.org/10.1016/j.neucom.2022.03.062,doi.org,.062,True,https://doi.org/10,0,0.95,url_contains_other_url,0,False,0,False,0,False,0,not_dataset,no_heuristic_matched,0,0,0,0,False,0
TSP_IASC_36323.pdf,target,https://doi.org/10.1016/j.neunet.2018.03.019,https://doi.org/10.1016/j.neunet.2018.03.019,doi.org,.019,True,https://doi.org/10,0,0.95,url_contains_other_url,0,False,0,False,0,False,0,not_dataset,no_heuristic_matched,0,0,0,0,False,0
TSP_IASC_36323.pdf,target,https://doi.org/10.1145/3357254.3357276,https://doi.org/10.1145/3357254.3357276,doi.org,.3357276,True,https://doi.org/10.1145/3357254.3357276,0,1.0,exact_normalized_match,0,False,0,False,0,False,0,not_dataset,no_heuristic_matched,0,0,0,0,False,0
TSP_IASC_36323.pdf,target,https://doi.org/10.1016/j.patcog.2020.107420,https://doi.org/10.1016/j.patcog.2020.107420,doi.org,.107420,True,https://doi.org/10.1016/j.patcog.2020.107420,0,1.0,exact_normalized_match,0,False,0,False,0,False,0,not_dataset,no_heuristic_matched,0,0,0,0,False,0
TSP_IASC_36323.pdf,target,https://doi.org/10.1016/j.neucom.2021.03.108,https://doi.org/10.1016/j.neucom.2021.03.108,doi.org,.108,True,https://doi.org/10.1016/j.neucom.2021.03.108,0,1.0,exact_normalized_match,0,False,0,False,0,False,0,not_dataset,no_heuristic_matched,0,0,0,0,False,0
TSP_IASC_36323.pdf,target,https://doi.org/10.1016/j.patcog.2018.04.012,https://doi.org/10.1016/j.patcog.2018.04.012,doi.org,.012,True,https://doi.org/10,0,0.95,url_contains_other_url,0,False,0,False,0,False,0,not_dataset,no_heuristic_matched,0,0,0,0,False,0
TSP_IASC_36323.pdf,target,https://doi.org/10.1109/SPIN.2019.8711703,https://doi.org/10.1109/SPIN.2019.8711703,doi.org,.8711703,True,https://doi.org/10.1109/SPIN.2019.8711703,0,1.0,exact_normalized_match,0,False,0,False,0,False,0,not_dataset,no_heuristic_matched,0,0,0,0,False,0
TSP_IASC_36323.pdf,target,https://doi.org/10.1016/j.procs.2020.04.206,https://doi.org/10.1016/j.procs.2020.04.206,doi.org,.206,True,https://doi.org/10.1016/j.procs.2020.04.206,0,1.0,exact_normalized_match,0,False,0,False,0,False,0,not_dataset,no_heuristic_matched,0,0,0,0,False,0
TSP_IASC_36323.pdf,target,https://doi.org/10.1016/j.inffus.2020.10.0082021,https://doi.org/10.1016/j.inffus.2020.10.0082021,doi.org,.0082021,True,https://doi.org/10.1016/j.inffus.2020.10.0082021,0,1.0,exact_normalized_match,0,False,0,False,0,False,0,not_dataset,no_heuristic_matched,0,0,0,0,False,0
TSP_IASC_36323.pdf,target,https://arxiv.org/abs/1409.4842v1,https://arxiv.org/abs/1409.4842v1,arxiv.org,.4842v1,True,https://arxiv.org/abs/1409.4842v1,0,1.0,exact_normalized_match,0,False,0,False,0,False,0,not_dataset,no_heuristic_matched,0,0,0,0,False,0
TSP_IASC_36323.pdf,target,https://arxiv.org/abs/1512.00567v3,https://arxiv.org/abs/1512.00567v3,arxiv.org,.00567v3,True,https://arxiv.org/abs/1512.00567v3,0,1.0,exact_normalized_match,0,False,0,False,0,False,0,not_dataset,no_heuristic_matched,0,0,0,0,False,0
TSP_IASC_36323.pdf,target,https://arxiv.org/abs/1610.02357,https://arxiv.org/abs/1610.02357,arxiv.org,.02357,True,https://arxiv.org/abs/1610.02357,0,1.0,exact_normalized_match,0,False,0,False,0,False,0,not_dataset,no_heuristic_matched,0,0,0,0,False,0
TSP_IASC_36323.pdf,target,https://arxiv.org/abs/1409.1556,https://arxiv.org/abs/1409.1556,arxiv.org,.1556,True,https://arxiv.org/abs/1409.1556,0,1.0,exact_normalized_match,0,False,0,False,0,False,0,not_dataset,no_heuristic_matched,0,0,0,0,False,0
TSP_IASC_36323.pdf,doi,10.32604/iasc.2023.036323,https://doi.org/10.32604/iasc.2023.036323,doi.org,.036323,True,https://doi.org/10,0,0.95,url_contains_other_url,0,False,0,False,0,False,0,not_dataset,no_heuristic_matched,0,0,0,0,False,0
TSP_IASC_36323.pdf,note,https://doi.org/10.1016/j,https://doi.org/10.1016/j,doi.org,,True,https://doi.org/10.1016/j,0,1.0,exact_normalized_match,0,False,0,False,0,False,0,not_dataset,no_heuristic_matched,0,0,0,0,False,0
