paper,section,original_url,normalized_url,domain,extension,extension_matched,extension_score,gap_kge_style_matched,gap_kge_style_score,url_pattern_matched,url_pattern_score,gap_kge_json_matched,gap_kge_json_score,total_score,label,gap_kge_json_path,gap_kge_json_exact_url,gap_kge_json_same_domain,gap_kge_json_url_count,gap_kge_json_mention_count,gap_kge_json_max_score,gap_kge_json_signals,http_matched,http_score,http_status_code,http_content_type,http_content_length,http_content_disposition,http_final_url,http_final_domain,http_final_extension,http_matched_domain,http_is_doi_input,http_signals,download_matched,download_score,download_status_code,download_content_type,download_content_length,download_final_url,download_final_extension,download_bytes,download_detected_kind,download_signals
1505.04597v1.pdf,target,http://www.codesolorzano.com/celltrackingchallenge/Cell_Tracking_Challenge/Welcome.html,http://codesolorzano.com/celltrackingchallenge/Cell_Tracking_Challenge/Welcome.html,codesolorzano.com,.html,False,0,True,1,False,0,True,2,3,maybe_dataset,pdfs\1505.04597v1.dataset.json,False,False,0,6,0.9994644522666931,dataset_mentions_in_json|positive_confidence_score,,,,,,,,,,,,,False,0,200,"text/html, text/plain",2,http://codesolorzano.com/celltrackingchallenge/Cell_Tracking_Challenge/Welcome.html,.html,2,,html_response_or_validation_page|suspicious_validation_redirect
1505.04597v1.pdf,target,http://brainiac2.mit.edu/isbi_challenge/,http://brainiac2.mit.edu/isbi_challenge,brainiac2.mit.edu,,False,0,True,1,False,0,True,2,3,maybe_dataset,pdfs\1505.04597v1.dataset.json,False,False,0,6,0.9994644522666931,dataset_mentions_in_json|positive_confidence_score,,,,,,,,,,,,,False,0,,,,,,0,,
1505.04597v1.pdf,body,http://lmb.informatik.uni-freiburg.de/people/ronneber/u-net,http://lmb.informatik.uni-freiburg.de/people/ronneber/u-net,lmb.informatik.uni-freiburg.de,,False,0,False,0,False,0,True,2,2,not_dataset,pdfs\1505.04597v1.dataset.json,False,False,0,6,0.9994644522666931,dataset_mentions_in_json|positive_confidence_score,,,,,,,,,,,,,False,0,200,text/html,4068,https://lmb.informatik.uni-freiburg.de/people/ronneber/u-net/,,12433,,html_response_or_validation_page
1505.04597v1.pdf,note,http://www.codesolorzano.com/,http://codesolorzano.com/,codesolorzano.com,,False,0,False,0,False,0,True,2,2,not_dataset,pdfs\1505.04597v1.dataset.json,False,False,0,6,0.9994644522666931,dataset_mentions_in_json|positive_confidence_score,,,,,,,,,,,,,False,0,200,"application/octet-stream, text/plain",2,http://codesolorzano.com/,,2,,
1505.04597v1.pdf,note,http://brainiac2.mit.edu/,http://brainiac2.mit.edu/,brainiac2.mit.edu,,False,0,False,0,False,0,True,2,2,not_dataset,pdfs\1505.04597v1.dataset.json,False,False,0,6,0.9994644522666931,dataset_mentions_in_json|positive_confidence_score,,,,,,,,,,,,,False,0,,,,,,0,,
1506.02640v5.pdf,target,http://pjreddie.com/yolo/,http://pjreddie.com/yolo,pjreddie.com,,False,0,False,0,False,0,True,2,2,not_dataset,pdfs\1506.02640v5.dataset.json,False,False,0,25,0.9998176097869873,dataset_mentions_in_json|positive_confidence_score,,,,,,,,,,,,,False,0,200,text/html,,https://pjreddie.com/yolo,,12407,,html_response_or_validation_page
1506.02640v5.pdf,target,https://github.com/BVLC/caffe/wiki/Models-accuracy-on-ImageNet-2012-val.Ac-cessed:2015-10-2,https://github.com/BVLC/caffe/wiki/Models-accuracy-on-ImageNet-2012-val,github.com,,False,0,False,0,False,0,True,2,2,not_dataset,pdfs\1506.02640v5.dataset.json,False,False,0,25,0.9998176097869873,dataset_mentions_in_json|positive_confidence_score,,,,,,,,,,,,,False,0,200,text/html,,https://github.com/BVLC/caffe/wiki/Models-accuracy-on-ImageNet-2012-val,,309965,,html_response_or_validation_page
1506.02640v5.pdf,target,"http://pjreddie.com/darknet/,2013-2016",http://pjreddie.com/darknet,pjreddie.com,,False,0,False,0,False,0,True,2,2,not_dataset,pdfs\1506.02640v5.dataset.json,False,False,0,25,0.9998176097869873,dataset_mentions_in_json|positive_confidence_score,,,,,,,,,,,,,False,0,200,text/html,,https://pjreddie.com/darknet/,,5680,,html_response_or_validation_page
1506.02640v5.pdf,note,https://github.com/BVLC/caffe/wiki/,https://github.com/BVLC/caffe/wiki,github.com,,False,0,False,0,False,0,True,2,2,not_dataset,pdfs\1506.02640v5.dataset.json,False,False,0,25,0.9998176097869873,dataset_mentions_in_json|positive_confidence_score,,,,,,,,,,,,,False,0,200,text/html,,https://github.com/BVLC/caffe/wiki,,310084,,html_response_or_validation_page
1512.02595v1.pdf,target,http://www.voxforge.org,http://voxforge.org,voxforge.org,,False,0,True,2,False,0,True,2,4,maybe_dataset,pdfs\1512.02595v1.dataset.json,False,False,0,35,0.999741792678833,dataset_mentions_in_json|positive_confidence_score,,,,,,,,,,,,,False,0,200,text/html,,https://voxforge.org/,,16473,,html_response_or_validation_page
1512.02595v1.pdf,target,http://arxiv.org/abs/1508.04395,https://arxiv.org/abs/1508.04395,arxiv.org,.04395,False,0,False,0,False,0,True,2,2,not_dataset,pdfs\1512.02595v1.dataset.json,False,False,0,35,0.999741792678833,dataset_mentions_in_json|positive_confidence_score,,,,,,,,,,,,,False,0,200,text/html,46000,https://arxiv.org/abs/1508.04395,.04395,46000,,html_response_or_validation_page
1512.02595v1.pdf,target,https://nvlabs.github.io/moderngpu/,https://nvlabs.github.io/moderngpu,nvlabs.github.io,,False,0,False,0,False,0,True,2,2,not_dataset,pdfs\1512.02595v1.dataset.json,False,False,0,35,0.999741792678833,dataset_mentions_in_json|positive_confidence_score,,,,,,,,,,,,,False,0,,,,,,0,,
1512.02595v1.pdf,target,http://arxiv.org/abs/1508.01211,https://arxiv.org/abs/1508.01211,arxiv.org,.01211,False,0,False,0,False,0,True,2,2,not_dataset,pdfs\1512.02595v1.dataset.json,False,False,0,35,0.999741792678833,dataset_mentions_in_json|positive_confidence_score,,,,,,,,,,,,,False,0,200,text/html,46100,https://arxiv.org/abs/1508.01211,.01211,46100,,html_response_or_validation_page
1512.02595v1.pdf,target,http://arxiv.org/abs/1412.1602,https://arxiv.org/abs/1412.1602,arxiv.org,.1602,False,0,False,0,False,0,True,2,2,not_dataset,pdfs\1512.02595v1.dataset.json,False,False,0,35,0.999741792678833,dataset_mentions_in_json|positive_confidence_score,,,,,,,,,,,,,False,0,200,text/html,44577,https://arxiv.org/abs/1412.1602,.1602,44577,,html_response_or_validation_page
1512.02595v1.pdf,target,http://svail.github.io/rnn_perf,http://svail.github.io/rnn_perf,svail.github.io,,False,0,False,0,False,0,True,2,2,not_dataset,pdfs\1512.02595v1.dataset.json,False,False,0,35,0.999741792678833,dataset_mentions_in_json|positive_confidence_score,,,,,,,,,,,,,False,0,200,text/html,2313083,http://svail.github.io/rnn_perf/,,262144,,html_response_or_validation_page
1512.02595v1.pdf,target,http://arxiv.org/abs/1412.5567,https://arxiv.org/abs/1412.5567,arxiv.org,.5567,False,0,False,0,False,0,True,2,2,not_dataset,pdfs\1512.02595v1.dataset.json,False,False,0,35,0.999741792678833,dataset_mentions_in_json|positive_confidence_score,,,,,,,,,,,,,False,0,200,text/html,47104,https://arxiv.org/abs/1412.5567,.5567,47104,,html_response_or_validation_page
1512.02595v1.pdf,target,http://arxiv.org/abs/1408.2873,https://arxiv.org/abs/1408.2873,arxiv.org,.2873,False,0,False,0,False,0,True,2,2,not_dataset,pdfs\1512.02595v1.dataset.json,False,False,0,35,0.999741792678833,dataset_mentions_in_json|positive_confidence_score,,,,,,,,,,,,,False,0,200,text/html,46547,https://arxiv.org/abs/1408.2873,.2873,46547,,html_response_or_validation_page
1512.02595v1.pdf,target,http://arxiv.org/abs/1510.01378,https://arxiv.org/abs/1510.01378,arxiv.org,.01378,False,0,False,0,False,0,True,2,2,not_dataset,pdfs\1512.02595v1.dataset.json,False,False,0,35,0.999741792678833,dataset_mentions_in_json|positive_confidence_score,,,,,,,,,,,,,False,0,200,text/html,45570,https://arxiv.org/abs/1510.01378,.01378,45570,,html_response_or_validation_page
1512.02595v1.pdf,target,https://github.com/NervanaSystems/nervanagpu,https://github.com/NervanaSystems/nervanagpu,github.com,,False,0,False,0,False,0,True,2,2,not_dataset,pdfs\1512.02595v1.dataset.json,False,False,0,35,0.999741792678833,dataset_mentions_in_json|positive_confidence_score,,,,,,,,,,,,,False,0,,,,,,0,,
1512.02595v1.pdf,target,http://arxiv.org/abs/1211.5063,https://arxiv.org/abs/1211.5063,arxiv.org,.5063,False,0,False,0,False,0,True,2,2,not_dataset,pdfs\1512.02595v1.dataset.json,False,False,0,35,0.999741792678833,dataset_mentions_in_json|positive_confidence_score,,,,,,,,,,,,,False,0,200,text/html,45533,https://arxiv.org/abs/1211.5063,.5063,45533,,html_response_or_validation_page
1512.02595v1.pdf,target,http://arxiv.org/abs/1507.06947,https://arxiv.org/abs/1507.06947,arxiv.org,.06947,False,0,False,0,False,0,True,2,2,not_dataset,pdfs\1512.02595v1.dataset.json,False,False,0,35,0.999741792678833,dataset_mentions_in_json|positive_confidence_score,,,,,,,,,,,,,False,0,200,text/html,46147,https://arxiv.org/abs/1507.06947,.06947,46147,,html_response_or_validation_page
1512.02595v1.pdf,target,http://arxiv.org/abs/1409.3215,https://arxiv.org/abs/1409.3215,arxiv.org,.3215,False,0,False,0,False,0,True,2,2,not_dataset,pdfs\1512.02595v1.dataset.json,False,False,0,35,0.999741792678833,dataset_mentions_in_json|positive_confidence_score,,,,,,,,,,,,,False,0,200,text/html,48070,https://arxiv.org/abs/1409.3215,.3215,48070,,html_response_or_validation_page
1512.02595v1.pdf,target,http://arxiv.org/abs/1502.03167,https://arxiv.org/abs/1502.03167,arxiv.org,.03167,False,0,False,0,False,0,True,2,2,not_dataset,pdfs\1512.02595v1.dataset.json,False,False,0,35,0.999741792678833,dataset_mentions_in_json|positive_confidence_score,,,,,,,,,,,,,False,0,200,text/html,47559,https://arxiv.org/abs/1502.03167,.03167,47559,,html_response_or_validation_page
1512.02595v1.pdf,target,http://arxiv.org/abs/1410.4615,https://arxiv.org/abs/1410.4615,arxiv.org,.4615,False,0,False,0,False,0,True,2,2,not_dataset,pdfs\1512.02595v1.dataset.json,False,False,0,35,0.999741792678833,dataset_mentions_in_json|positive_confidence_score,,,,,,,,,,,,,False,0,200,text/html,45784,https://arxiv.org/abs/1410.4615,.4615,45784,,html_response_or_validation_page
1512.02595v1.pdf,body,http://commoncrawl.org,http://commoncrawl.org,commoncrawl.org,,False,0,True,2,False,0,True,2,4,maybe_dataset,pdfs\1512.02595v1.dataset.json,False,False,0,35,0.999741792678833,dataset_mentions_in_json|positive_confidence_score,,,,,,,,,,,,,False,0,200,text/html,,https://commoncrawl.org/,,26757,,html_response_or_validation_page
1606.05250v3.pdf,target,https://stanford-qa.com,https://stanford-qa.com,stanford-qa.com,,False,0,False,0,False,0,True,6,6,dataset,pdfs\1606.05250v3.dataset.json,True,True,2,43,0.9999671578407288,exact_url_in_gap_kge_json|dataset_mentions_in_json|positive_confidence_score,,,,,,,,,,,,,False,0,,,,,,0,,
1606.05250v3.pdf,target,https://worksheets.codalab.org/worksheets/0xd53d03a48ef64b329c16b9baf0f99b0c/,https://worksheets.codalab.org/worksheets/0xd53d03a48ef64b329c16b9baf0f99b0c,worksheets.codalab.org,,False,0,False,0,False,0,True,2,2,not_dataset,pdfs\1606.05250v3.dataset.json,False,False,2,43,0.9999671578407288,dataset_mentions_in_json|positive_confidence_score,,,,,,,,,,,,,False,0,200,text/html,,https://worksheets.codalab.org/worksheets/0xd53d03a48ef64b329c16b9baf0f99b0c,,3503,,html_response_or_validation_page
1606.05250v3.pdf,body,https://worksheets.codalab.org/worksheets/,https://worksheets.codalab.org/worksheets,worksheets.codalab.org,,False,0,False,0,False,0,True,2,2,not_dataset,pdfs\1606.05250v3.dataset.json,False,False,2,43,0.9999671578407288,dataset_mentions_in_json|positive_confidence_score,,,,,,,,,,,,,False,0,200,text/html,,https://worksheets.codalab.org/worksheets,,3503,,html_response_or_validation_page
1702.05373v2.pdf,target,https://www.westernsydney.edu.au/bens/home/reproducibleresearch/emnist,https://westernsydney.edu.au/bens/home/reproducibleresearch/emnist,westernsydney.edu.au,,False,0,False,0,False,0,True,2,2,not_dataset,pdfs\1702.05373v2.dataset.json,False,False,3,87,0.9999764561653137,dataset_mentions_in_json|positive_confidence_score,,,,,,,,,,,,,False,0,,,,,,0,,
1702.05373v2.pdf,target,http://www.nist.gov/srd/upload/nistsd19.pdf,http://nist.gov/srd/upload/nistsd19.pdf,nist.gov,.pdf,False,0,False,0,False,0,True,2,2,not_dataset,pdfs\1702.05373v2.dataset.json,False,False,3,87,0.9999764561653137,dataset_mentions_in_json|positive_confidence_score,,,,,,,,,,,,,False,0,200,application/pdf,1802529,https://www.nist.gov/system/files/documents/srd/nistsd19.pdf,.pdf,262144,,
1702.05373v2.pdf,target,http://portal.acm.org/citation.cfm?doid=1141277.1141468,http://portal.acm.org/citation.cfm?doid=1141277.1141468,portal.acm.org,.cfm,False,0,False,0,False,0,True,2,2,not_dataset,pdfs\1702.05373v2.dataset.json,False,False,3,87,0.9999764561653137,dataset_mentions_in_json|positive_confidence_score,,,,,,,,,,,,,False,0,,,,,,0,,
1702.05373v2.pdf,body,https://www.westernsydney.edu.au/bens/home/,https://westernsydney.edu.au/bens/home,westernsydney.edu.au,,False,0,False,0,False,0,True,2,2,not_dataset,pdfs\1702.05373v2.dataset.json,False,False,3,87,0.9999764561653137,dataset_mentions_in_json|positive_confidence_score,,,,,,,,,,,,,False,0,,,,,,0,,
1702.05373v2.pdf,note,http://www.nist.gov/,http://nist.gov/,nist.gov,,False,0,False,0,False,0,True,2,2,not_dataset,pdfs\1702.05373v2.dataset.json,False,False,3,87,0.9999764561653137,dataset_mentions_in_json|positive_confidence_score,,,,,,,,,,,,,False,0,200,text/html,,https://www.nist.gov/,,94277,,html_response_or_validation_page
1702.05747v2.pdf,target,https://github.com/Lasagne/Lasagne,https://github.com/Lasagne/Lasagne,github.com,,False,0,False,0,False,0,False,0,0,not_dataset,pdfs\1702.05747v2.dataset.json,False,False,0,0,,,,,,,,,,,,,,,False,0,200,text/html,,https://github.com/Lasagne/Lasagne,,285720,,html_response_or_validation_page
1702.05747v2.pdf,target,https://keras.io/,https://keras.io/,keras.io,,False,0,False,0,False,0,False,0,0,not_dataset,pdfs\1702.05747v2.dataset.json,False,False,0,0,,,,,,,,,,,,,,,False,0,200,text/html,28063,https://keras.io/,,28063,,html_response_or_validation_page
1702.05747v2.pdf,target,http://dx.doi.org/10.1109/TMI.2015.2476509,https://doi.org/10.1109/TMI.2015.2476509,doi.org,.2476509,False,0,False,0,False,0,False,0,0,not_dataset,pdfs\1702.05747v2.dataset.json,False,False,0,0,,,,,,,,,,,,,,,False,0,,,,,,0,,
1702.05747v2.pdf,body,www.grand-challenge.org,https://grand-challenge.org,grand-challenge.org,,False,0,True,3,False,0,False,0,3,maybe_dataset,pdfs\1702.05747v2.dataset.json,False,False,0,0,,,,,,,,,,,,,,,False,0,200,text/html,,https://grand-challenge.org/,,65076,,html_response_or_validation_page|suspicious_validation_redirect
1706.03762v7.pdf,target,https://github.com/tensorflow/tensor2tensor,https://github.com/tensorflow/tensor2tensor,github.com,,False,0,False,0,False,0,True,2,2,not_dataset,pdfs\1706.03762v7.dataset.json,False,False,0,12,0.9999688267707825,dataset_mentions_in_json|positive_confidence_score,,,,,,,,,,,,,False,0,200,text/html,,https://github.com/tensorflow/tensor2tensor,,264139,,html_response_or_validation_page
1706.03762v7.pdf,body,https://github.com/,https://github.com,github.com,,False,0,False,0,False,0,True,2,2,not_dataset,pdfs\1706.03762v7.dataset.json,False,False,0,12,0.9999688267707825,dataset_mentions_in_json|positive_confidence_score,,,,,,,,,,,,,False,0,200,text/html,,https://github.com/,,286348,,html_response_or_validation_page
1707.02919v2.pdf,target,http://www.lemurproject.org/,http://lemurproject.org/,lemurproject.org,,False,0,False,0,False,0,True,2,2,not_dataset,pdfs\1707.02919v2.dataset.json,False,False,0,10,0.9477728605270386,dataset_mentions_in_json|positive_confidence_score,,,,,,,,,,,,,False,0,200,text/html,,http://lemurproject.org/,,5695,,html_response_or_validation_page
1707.02919v2.pdf,target,https://doi.org/10.3115/1119176.1119199,https://doi.org/10.3115/1119176.1119199,doi.org,.1119199,False,0,False,0,False,0,True,2,2,not_dataset,pdfs\1707.02919v2.dataset.json,False,False,0,10,0.9477728605270386,dataset_mentions_in_json|positive_confidence_score,,,,,,,,,,,,,False,0,,,,,,0,,
1707.02919v2.pdf,target,https://www.emc.com/collateral/analyst-reports/idc-the-digital-universe-in-2020.pdf,https://emc.com/collateral/analyst-reports/idc-the-digital-universe-in-2020.pdf,emc.com,.pdf,False,0,False,0,False,0,True,2,2,not_dataset,pdfs\1707.02919v2.dataset.json,False,False,0,10,0.9477728605270386,dataset_mentions_in_json|positive_confidence_score,,,,,,,,,,,,,False,0,,,,,,0,,
1707.02919v2.pdf,body,http://www.crisp-dm.org/,http://crisp-dm.org/,crisp-dm.org,,False,0,False,0,False,0,True,2,2,not_dataset,pdfs\1707.02919v2.dataset.json,False,False,0,10,0.9477728605270386,dataset_mentions_in_json|positive_confidence_score,,,,,,,,,,,,,False,0,,,,,,0,,
1707.02919v2.pdf,body,http://en.wikipedia.org/wiki/Statistics,http://en.wikipedia.org/wiki/Statistics,en.wikipedia.org,,False,0,False,0,False,0,True,2,2,not_dataset,pdfs\1707.02919v2.dataset.json,False,False,0,10,0.9477728605270386,dataset_mentions_in_json|positive_confidence_score,,,,,,,,,,,,,False,0,,,,,,0,,
1707.02919v2.pdf,body,http://www.cs.waikato.ac.nz/ml/weka/,http://cs.waikato.ac.nz/ml/weka,cs.waikato.ac.nz,,False,0,False,0,False,0,True,2,2,not_dataset,pdfs\1707.02919v2.dataset.json,False,False,0,10,0.9477728605270386,dataset_mentions_in_json|positive_confidence_score,,,,,,,,,,,,,False,0,200,text/html,,https://ml.cms.waikato.ac.nz/weka,,4076,,html_response_or_validation_page
1707.02919v2.pdf,body,http://www.obofoundry.org/,http://obofoundry.org/,obofoundry.org,,False,0,False,0,False,0,True,2,2,not_dataset,pdfs\1707.02919v2.dataset.json,False,False,0,10,0.9477728605270386,dataset_mentions_in_json|positive_confidence_score,,,,,,,,,,,,,False,0,200,text/html,56125,http://obofoundry.org/,,262144,,html_response_or_validation_page
1707.02919v2.pdf,body,http://www.bioontology.org/,http://bioontology.org/,bioontology.org,,False,0,False,0,False,0,True,2,2,not_dataset,pdfs\1707.02919v2.dataset.json,False,False,0,10,0.9477728605270386,dataset_mentions_in_json|positive_confidence_score,,,,,,,,,,,,,False,0,,,,,,0,,
1707.02919v2.pdf,body,http://bioportal.bioontology.org/,http://bioportal.bioontology.org/,bioportal.bioontology.org,,False,0,False,0,False,0,True,2,2,not_dataset,pdfs\1707.02919v2.dataset.json,False,False,0,10,0.9477728605270386,dataset_mentions_in_json|positive_confidence_score,,,,,,,,,,,,,False,0,,,,,,0,,
1707.02919v2.pdf,body,https://uts.nlm.nih.gov/home.html,https://uts.nlm.nih.gov/home.html,uts.nlm.nih.gov,.html,False,0,False,0,False,0,True,2,2,not_dataset,pdfs\1707.02919v2.dataset.json,False,False,0,10,0.9477728605270386,dataset_mentions_in_json|positive_confidence_score,,,,,,,,,,,,,False,0,200,text/html,,https://uts.nlm.nih.gov/home.html,.html,4596,,html_response_or_validation_page
1707.02919v2.pdf,body,http://www.pharmgkb.org/,http://pharmgkb.org/,pharmgkb.org,,False,0,False,0,False,0,True,2,2,not_dataset,pdfs\1707.02919v2.dataset.json,False,False,0,10,0.9477728605270386,dataset_mentions_in_json|positive_confidence_score,,,,,,,,,,,,,False,0,200,text/html,,https://www.clinpgx.org/,,2963,,html_response_or_validation_page
1707.02919v2.pdf,note,https://doi.org/10,https://doi.org/10,doi.org,,False,0,False,0,False,0,True,2,2,not_dataset,pdfs\1707.02919v2.dataset.json,False,False,0,10,0.9477728605270386,dataset_mentions_in_json|positive_confidence_score,,,,,,,,,,,,,False,0,,,,,,0,,
1707.02919v2.pdf,note,https://www.emc.com/collateral/analyst-reports/,https://emc.com/collateral/analyst-reports,emc.com,,False,0,False,0,False,0,True,2,2,not_dataset,pdfs\1707.02919v2.dataset.json,False,False,0,10,0.9477728605270386,dataset_mentions_in_json|positive_confidence_score,,,,,,,,,,,,,False,0,,,,,,0,,
1708.05031v2.pdf,doi,10.1145/3038912.3052569,https://doi.org/10.1145/3038912.3052569,doi.org,.3052569,False,0,False,0,False,0,False,0,0,not_dataset,pdfs\1708.05031v2.dataset.json,False,False,0,0,,,,,,,,,,,,,,,False,0,,,,,,0,,
1708.05031v2.pdf,body,http://alex.smola.org/teaching/berkeley2012/slides/8_,http://alex.smola.org/teaching/berkeley2012/slides/8_,alex.smola.org,,False,0,False,0,False,0,False,0,0,not_dataset,pdfs\1708.05031v2.dataset.json,False,False,0,0,,,,,,,,,,,,,,,False,0,,,,,,0,,
1708.05031v2.pdf,body,http://grouplens.org/datasets/movielens/1m/,http://grouplens.org/datasets/movielens/1m,grouplens.org,,False,0,True,3,True,2,False,0,5,maybe_dataset,pdfs\1708.05031v2.dataset.json,False,False,0,0,,,,,,,,,,,,,,,False,0,200,text/html,6988,http://grouplens.org/datasets/movielens/1m/,,26313,,html_response_or_validation_page
1708.05031v2.pdf,body,https://sites.google.com/site/xueatalphabeta/,https://sites.google.com/site/xueatalphabeta,sites.google.com,,False,0,False,0,False,0,False,0,0,not_dataset,pdfs\1708.05031v2.dataset.json,False,False,0,0,,,,,,,,,,,,,,,False,0,200,text/html,,https://sites.google.com/site/xueatalphabeta,,126168,,html_response_or_validation_page
1708.05031v2.pdf,body,https://github.com/hexiangnan/neural_,https://github.com/hexiangnan/neural_,github.com,,False,0,False,0,False,0,False,0,0,not_dataset,pdfs\1708.05031v2.dataset.json,False,False,0,0,,,,,,,,,,,,,,,False,0,,,,,,0,,
1710.10903v3.pdf,target,https://www.tensorflow.org/.Softwareavail-ablefromtensorflow.org,https://tensorflow.org,tensorflow.org,,False,0,False,0,False,0,False,0,0,not_dataset,pdfs\1710.10903v3.dataset.json,False,False,0,0,,,,,,,,,,,,,,,False,0,200,text/html,,https://www.tensorflow.org/,,277769,,html_response_or_validation_page
1710.10903v3.pdf,target,http://arxiv.org/abs/1611.02344,https://arxiv.org/abs/1611.02344,arxiv.org,.02344,False,0,False,0,False,0,False,0,0,not_dataset,pdfs\1710.10903v3.dataset.json,False,False,0,0,,,,,,,,,,,,,,,False,0,200,text/html,44722,https://arxiv.org/abs/1611.02344,.02344,44722,,html_response_or_validation_page
1710.10903v3.pdf,target,http://papers.nips.cc/paper/6863-vain-attentional-multi-agent-predictive-modeling.pdf,http://papers.nips.cc/paper/6863-vain-attentional-multi-agent-predictive-modeling.pdf,papers.nips.cc,.pdf,False,0,False,0,False,0,False,0,0,not_dataset,pdfs\1710.10903v3.dataset.json,False,False,0,0,,,,,,,,,,,,,,,False,0,,,,,,0,,
1710.10903v3.pdf,target,http://arxiv.org/abs/1410.3916,https://arxiv.org/abs/1410.3916,arxiv.org,.3916,False,0,False,0,False,0,False,0,0,not_dataset,pdfs\1710.10903v3.dataset.json,False,False,0,0,,,,,,,,,,,,,,,False,0,200,text/html,46457,https://arxiv.org/abs/1410.3916,.3916,46457,,html_response_or_validation_page
1710.10903v3.pdf,doi,10.1109/72.572108,https://doi.org/10.1109/72.572108,doi.org,.572108,False,0,False,0,False,0,False,0,0,not_dataset,pdfs\1710.10903v3.dataset.json,False,False,0,0,,,,,,,,,,,,,,,False,0,,,,,,0,,
1710.10903v3.pdf,body,https://github.com/PetarV-/GAT,https://github.com/PetarV-/GAT,github.com,,False,0,False,0,False,0,False,0,0,not_dataset,pdfs\1710.10903v3.dataset.json,False,False,0,0,,,,,,,,,,,,,,,False,0,200,text/html,,https://github.com/PetarV-/GAT,,278525,,html_response_or_validation_page
1710.10903v3.pdf,note,http://papers.nips.cc/paper/,http://papers.nips.cc/paper,papers.nips.cc,,False,0,False,0,False,0,False,0,0,not_dataset,pdfs\1710.10903v3.dataset.json,False,False,0,0,,,,,,,,,,,,,,,False,0,,,,,,0,,
1810.04805v2.pdf,target,https://github.com/google-research/bert,https://github.com/google-research/bert,github.com,,False,0,False,0,False,0,False,0,0,not_dataset,pdfs\1810.04805v2.dataset.json,False,False,0,0,,,,,,,,,,,,,,,False,0,200,text/html,,https://github.com/google-research/bert,,289173,,html_response_or_validation_page
1810.04805v2.pdf,target,https://gluebenchmark.com/leaderboard,https://gluebenchmark.com/leaderboard,gluebenchmark.com,,False,0,True,1,False,0,False,0,1,not_dataset,pdfs\1810.04805v2.dataset.json,False,False,0,0,,,,,,,,,,,,,,,False,0,200,text/html,,https://gluebenchmark.com/leaderboard/,,3972,,html_response_or_validation_page
1810.04805v2.pdf,doi,10.18653/v1/S17-2001,https://doi.org/10.18653/v1/S17-2001,doi.org,,False,0,False,0,False,0,False,0,0,not_dataset,pdfs\1810.04805v2.dataset.json,False,False,0,0,,,,,,,,,,,,,,,False,0,200,text/html,9267,https://aclanthology.org/S17-2001/,,39695,,html_response_or_validation_page
1810.04805v2.pdf,body,https://cloudplatform.googleblog.com/2018/06/Cloud-TPU-now-offers-preemptible-pricing-and-globalavailability.html•,https://cloudplatform.googleblog.com/2018/06/Cloud-TPU-now-offers-preemptible-pricing-and-globalavailability.html,cloudplatform.googleblog.com,.html,False,0,False,0,False,0,False,0,0,not_dataset,pdfs\1810.04805v2.dataset.json,False,False,0,0,,,,,,,,,,,,,,,False,0,,,,,,0,,
1810.04805v2.pdf,body,http://nlp.seas.harvard.edu/2018/04/03/attention.html,http://nlp.seas.harvard.edu/2018/04/03/attention.html,nlp.seas.harvard.edu,.html,False,0,False,0,False,0,False,0,0,not_dataset,pdfs\1810.04805v2.dataset.json,False,False,0,0,,,,,,,,,,,,,,,False,0,200,text/html,27517,http://nlp.seas.harvard.edu/2018/04/03/attention.html,.html,193801,,html_response_or_validation_page
1810.04805v2.pdf,body,https://gluebenchmark.com/faq,https://gluebenchmark.com/faq,gluebenchmark.com,,False,0,False,0,False,0,False,0,0,not_dataset,pdfs\1810.04805v2.dataset.json,False,False,0,0,,,,,,,,,,,,,,,False,0,200,text/html,,https://gluebenchmark.com/faq/,,3972,,html_response_or_validation_page
1812.08434v6.pdf,target,https://github.com/ShinKyuY/Representation_Learning_on_Graphs_with_Jumping_Knowledge_Networks,https://github.com/ShinKyuY/Representation_Learning_on_Graphs_with_Jumping_Knowledge_Networks,github.com,,False,0,False,0,False,0,False,0,0,not_dataset,pdfs\1812.08434v6.dataset.json,False,False,0,0,,,,,,,,,,,,,,,False,0,200,text/html,,https://github.com/ShinKyuY/Representation_Learning_on_Graphs_with_Jumping_Knowledge_Networks,,237517,,html_response_or_validation_page
1812.08434v6.pdf,target,https://github.com/Hanjun-Dai/steady_state_embedding,https://github.com/Hanjun-Dai/steady_state_embedding,github.com,,False,0,False,0,False,0,False,0,0,not_dataset,pdfs\1812.08434v6.dataset.json,False,False,0,0,,,,,,,,,,,,,,,False,0,200,text/html,,https://github.com/Hanjun-Dai/steady_state_embedding,,273636,,html_response_or_validation_page
1812.08434v6.pdf,target,https://github.com/divelab/lgcn/,https://github.com/divelab/lgcn,github.com,,False,0,False,0,False,0,False,0,0,not_dataset,pdfs\1812.08434v6.dataset.json,False,False,0,0,,,,,,,,,,,,,,,False,0,200,text/html,,https://github.com/divelab/lgcn,,266768,,html_response_or_validation_page
1812.08434v6.pdf,target,https://github.com/matenure/FastGCN,https://github.com/matenure/FastGCN,github.com,,False,0,False,0,False,0,False,0,0,not_dataset,pdfs\1812.08434v6.dataset.json,False,False,0,0,,,,,,,,,,,,,,,False,0,200,text/html,,https://github.com/matenure/FastGCN,,280515,,html_response_or_validation_page
1812.08434v6.pdf,target,https://github.com/RexYing/diffpool,https://github.com/RexYing/diffpool,github.com,,False,0,False,0,False,0,False,0,0,not_dataset,pdfs\1812.08434v6.dataset.json,False,False,0,0,,,,,,,,,,,,,,,False,0,200,text/html,,https://github.com/RexYing/diffpool,,275150,,html_response_or_validation_page
1812.08434v6.pdf,target,https://github.com/snap-stanford/GraphRNN,https://github.com/snap-stanford/GraphRNN,github.com,,False,0,False,0,False,0,False,0,0,not_dataset,pdfs\1812.08434v6.dataset.json,False,False,0,0,,,,,,,,,,,,,,,False,0,200,text/html,,https://github.com/snap-stanford/GraphRNN,,300676,,html_response_or_validation_page
1812.08434v6.pdf,target,https://github.com/nicola-decao/MolGAN,https://github.com/nicola-decao/MolGAN,github.com,,False,0,False,0,False,0,False,0,0,not_dataset,pdfs\1812.08434v6.dataset.json,False,False,0,0,,,,,,,,,,,,,,,False,0,200,text/html,,https://github.com/nicola-decao/MolGAN,,275133,,html_response_or_validation_page
1812.08434v6.pdf,target,https://github.com/danielzuegner/netgan,https://github.com/danielzuegner/netgan,github.com,,False,0,False,0,False,0,False,0,0,not_dataset,pdfs\1812.08434v6.dataset.json,False,False,0,0,,,,,,,,,,,,,,,False,0,200,text/html,,https://github.com/danielzuegner/netgan,,271858,,html_response_or_validation_page
1812.08434v6.pdf,target,https://github.com/liyaguang/DCRNN,https://github.com/liyaguang/DCRNN,github.com,,False,0,False,0,False,0,False,0,0,not_dataset,pdfs\1812.08434v6.dataset.json,False,False,0,0,,,,,,,,,,,,,,,False,0,200,text/html,,https://github.com/liyaguang/DCRNN,,306452,,html_response_or_validation_page
1812.08434v6.pdf,target,https://github.com/yysijie/st-gcn,https://github.com/yysijie/st-gcn,github.com,,False,0,False,0,False,0,False,0,0,not_dataset,pdfs\1812.08434v6.dataset.json,False,False,0,0,,,,,,,,,,,,,,,False,0,200,text/html,,https://github.com/yysijie/st-gcn,,268370,,html_response_or_validation_page
1812.08434v6.pdf,target,https://github.com/tkipf/relational-gcn,https://github.com/tkipf/relational-gcn,github.com,,False,0,False,0,False,0,False,0,0,not_dataset,pdfs\1812.08434v6.dataset.json,False,False,0,0,,,,,,,,,,,,,,,False,0,200,text/html,,https://github.com/tkipf/relational-gcn,,272825,,html_response_or_validation_page
1812.08434v6.pdf,target,https://github.com/huangwb/AS-GCN,https://github.com/huangwb/AS-GCN,github.com,,False,0,False,0,False,0,False,0,0,not_dataset,pdfs\1812.08434v6.dataset.json,False,False,0,0,,,,,,,,,,,,,,,False,0,200,text/html,,https://github.com/huangwb/AS-GCN,,262895,,html_response_or_validation_page
1812.08434v6.pdf,target,https://github.com/ZhuangCY/DGCN,https://github.com/ZhuangCY/DGCN,github.com,,False,0,False,0,False,0,False,0,0,not_dataset,pdfs\1812.08434v6.dataset.json,False,False,0,0,,,,,,,,,,,,,,,False,0,200,text/html,,https://github.com/ZhuangCY/DGCN,,280281,,html_response_or_validation_page
1812.08434v6.pdf,target,https://github.com/jennyzhang0215/GaAN,https://github.com/jennyzhang0215/GaAN,github.com,,False,0,False,0,False,0,False,0,0,not_dataset,pdfs\1812.08434v6.dataset.json,False,False,0,0,,,,,,,,,,,,,,,False,0,200,text/html,,https://github.com/jennyzhang0215/GaAN,,262959,,html_response_or_validation_page
1812.08434v6.pdf,target,https://github.com/PetarV-/DGI,https://github.com/PetarV-/DGI,github.com,,False,0,False,0,False,0,False,0,0,not_dataset,pdfs\1812.08434v6.dataset.json,False,False,0,0,,,,,,,,,,,,,,,False,0,200,text/html,,https://github.com/PetarV-/DGI,,263352,,html_response_or_validation_page
1812.08434v6.pdf,target,https://github.com/nnzhan/Graph-WaveNet,https://github.com/nnzhan/Graph-WaveNet,github.com,,False,0,False,0,False,0,False,0,0,not_dataset,pdfs\1812.08434v6.dataset.json,False,False,0,0,,,,,,,,,,,,,,,False,0,200,text/html,,https://github.com/nnzhan/Graph-WaveNet,,273441,,html_response_or_validation_page
1812.08434v6.pdf,target,https://github.com/Jhy1993/HAN,https://github.com/Jhy1993/HAN,github.com,,False,0,False,0,False,0,False,0,0,not_dataset,pdfs\1812.08434v6.dataset.json,False,False,0,0,,,,,,,,,,,,,,,False,0,200,text/html,,https://github.com/Jhy1993/HAN,,279638,,html_response_or_validation_page
1812.08434v6.pdf,target,https://github.com/thunlp/gnnpapers,https://github.com/thunlp/gnnpapers,github.com,,False,0,False,0,False,0,False,0,0,not_dataset,pdfs\1812.08434v6.dataset.json,False,False,0,0,,,,,,,,,,,,,,,False,0,200,text/html,,https://github.com/thunlp/gnnpapers,,297248,,html_response_or_validation_page
1812.08434v6.pdf,target,https://doi.org/10.24963/ijcai.2017/250,https://doi.org/10.24963/ijcai.2017/250,doi.org,,False,0,False,0,False,0,False,0,0,not_dataset,pdfs\1812.08434v6.dataset.json,False,False,0,0,,,,,,,,,,,,,,,False,0,200,text/html,,https://www.ijcai.org/proceedings/2017/250,,11744,,html_response_or_validation_page
1812.08434v6.pdf,target,http://socialcomputing.asu.edu,http://socialcomputing.asu.edu,socialcomputing.asu.edu,,False,0,False,0,False,0,False,0,0,not_dataset,pdfs\1812.08434v6.dataset.json,False,False,0,0,,,,,,,,,,,,,,,False,0,,,,,,0,,
1812.08434v6.pdf,doi,10.1016/j.aiopen.2021.01.001,https://doi.org/10.1016/j.aiopen.2021.01.001,doi.org,.001,False,0,False,0,False,0,False,0,0,not_dataset,pdfs\1812.08434v6.dataset.json,False,False,0,0,,,,,,,,,,,,,,,False,0,200,text/html,2675,https://linkinghub.elsevier.com/retrieve/pii/S2666651021000012,,2675,,html_response_or_validation_page
1812.08434v6.pdf,back,https://github.com/thunlp/,https://github.com/thunlp,github.com,,False,0,False,0,False,0,False,0,0,not_dataset,pdfs\1812.08434v6.dataset.json,False,False,0,0,,,,,,,,,,,,,,,False,0,200,text/html,,https://github.com/thunlp,,297126,,html_response_or_validation_page
1907.07374v5.pdf,target,http://www.heatmapping.org/slides/2018WCCI.pdf,http://heatmapping.org/slides/2018WCCI.pdf,heatmapping.org,.pdf,False,0,False,0,False,0,False,0,0,not_dataset,pdfs\1907.07374v5.dataset.json,False,False,0,0,,,,,,,,,,,,,,,False,0,,,,,,0,,
1907.07374v5.pdf,target,http://iphome.hhi.de/samek/pdf/MonICML16.pdf,http://iphome.hhi.de/samek/pdf/MonICML16.pdf,iphome.hhi.de,.pdf,False,0,False,0,False,0,False,0,0,not_dataset,pdfs\1907.07374v5.dataset.json,False,False,0,0,,,,,,,,,,,,,,,False,0,,,,,,0,,
1907.07374v5.pdf,target,https://pair-code.github.io/saliency/,https://pair-code.github.io/saliency,pair-code.github.io,,False,0,False,0,False,0,False,0,0,not_dataset,pdfs\1907.07374v5.dataset.json,False,False,0,0,,,,,,,,,,,,,,,False,0,200,text/html,2597,https://pair-code.github.io/saliency/,,9772,,html_response_or_validation_page
1907.07374v5.pdf,target,https://cs.stanford.edu/people/karpathy/cnnembed,https://cs.stanford.edu/people/karpathy/cnnembed,cs.stanford.edu,,False,0,False,0,False,0,False,0,0,not_dataset,pdfs\1907.07374v5.dataset.json,False,False,0,0,,,,,,,,,,,,,,,False,0,200,text/html,1899,https://cs.stanford.edu/people/karpathy/cnnembed/,,4487,,html_response_or_validation_page
1907.07374v5.pdf,target,https://distill.pub/2019/activation-atlas,https://distill.pub/2019/activation-atlas,distill.pub,,False,0,False,0,False,0,False,0,0,not_dataset,pdfs\1907.07374v5.dataset.json,False,False,0,0,,,,,,,,,,,,,,,False,0,200,text/html,38249,https://distill.pub/2019/activation-atlas/,,142027,,html_response_or_validation_page
1907.07374v5.pdf,body,https://distill.pub/2018/building-blocks/,https://distill.pub/2018/building-blocks,distill.pub,,False,0,False,0,False,0,False,0,0,not_dataset,pdfs\1907.07374v5.dataset.json,False,False,0,0,,,,,,,,,,,,,,,False,0,200,text/html,34593,https://distill.pub/2018/building-blocks/,,124555,,html_response_or_validation_page
1907.07374v5.pdf,note,http://www.heatmapping.org/slides/2018,http://heatmapping.org/slides/2018,heatmapping.org,,False,0,False,0,False,0,False,0,0,not_dataset,pdfs\1907.07374v5.dataset.json,False,False,0,0,,,,,,,,,,,,,,,False,0,,,,,,0,,
1907.07374v5.pdf,note,https://cs.stanford,https://cs.stanford,cs.stanford,,False,0,False,0,False,0,False,0,0,not_dataset,pdfs\1907.07374v5.dataset.json,False,False,0,0,,,,,,,,,,,,,,,False,0,,,,,,0,,
1908.04515v1.pdf,doi,10.1364/optica.XX.XXXXXX,https://doi.org/10.1364/optica.XX.XXXXXX,doi.org,.xxxxxx,False,0,False,0,False,0,False,0,0,not_dataset,pdfs\1908.04515v1.dataset.json,False,False,0,0,,,,,,,,,,,,,,,False,0,,,,,,0,,
2101.00027v1.pdf,target,https://pile.eleuther.ai/,https://pile.eleuther.ai/,pile.eleuther.ai,,False,0,False,0,False,0,False,0,0,not_dataset,pdfs\2101.00027v1.dataset.json,False,False,0,0,,,,,,,,,,,,,,,False,0,200,text/html,2314,https://pile.eleuther.ai/,,7517,,html_response_or_validation_page
2101.00027v1.pdf,target,https://archiveofourown.org/,https://archiveofourown.org/,archiveofourown.org,,False,0,False,0,False,0,False,0,0,not_dataset,pdfs\2101.00027v1.dataset.json,False,False,0,0,,,,,,,,,,,,,,,False,0,200,text/html,,https://archiveofourown.org/,,24139,,html_response_or_validation_page
2101.00027v1.pdf,target,https://github.com/SpamScope/mail-parser,https://github.com/SpamScope/mail-parser,github.com,,False,0,False,0,False,0,False,0,0,not_dataset,pdfs\2101.00027v1.dataset.json,False,False,0,0,,,,,,,,,,,,,,,False,0,200,text/html,,https://github.com/SpamScope/mail-parser,,264699,,html_response_or_validation_page
2101.00027v1.pdf,target,https://www.google.com/recaptcha/api.js?render=,https://google.com/recaptcha/api.js?render=,google.com,.js,False,0,False,0,False,0,False,0,0,not_dataset,pdfs\2101.00027v1.dataset.json,False,False,0,0,,,,,,,,,,,,,,,False,0,200,text/javascript,,https://google.com/recaptcha/api.js?render=,.js,972,,html_response_or_validation_page|suspicious_validation_redirect
2101.00027v1.pdf,target,http://Skylion007.github.io/OpenWebTextCorpus,http://skylion007.github.io/OpenWebTextCorpus,skylion007.github.io,,False,0,False,0,False,0,False,0,0,not_dataset,pdfs\2101.00027v1.dataset.json,False,False,0,0,,,,,,,,,,,,,,,False,0,200,text/html,3149,https://skylion007.github.io/OpenWebTextCorpus/,,7767,,html_response_or_validation_page
2101.00027v1.pdf,target,https://github.com/BIGBALLON/cifar-10-cnn,https://github.com/BIGBALLON/cifar-10-cnn,github.com,,False,0,False,0,False,0,False,0,0,not_dataset,pdfs\2101.00027v1.dataset.json,False,False,0,0,,,,,,,,,,,,,,,False,0,200,text/html,,https://github.com/BIGBALLON/cifar-10-cnn,,303763,,html_response_or_validation_page
2101.00027v1.pdf,target,http://arXiv.org/abs/cs/0205028,http://arxiv.org/abs/cs/0205028,arxiv.org,,False,0,False,0,False,0,False,0,0,not_dataset,pdfs\2101.00027v1.dataset.json,False,False,0,0,,,,,,,,,,,,,,,False,0,200,text/html,43456,https://arxiv.org/abs/cs/0205028,,43456,,html_response_or_validation_page
2101.00027v1.pdf,target,https://twitter.com/theshawwn/status/1320282149329784833,https://twitter.com/theshawwn/status/1320282149329784833,twitter.com,,False,0,False,0,False,0,False,0,0,not_dataset,pdfs\2101.00027v1.dataset.json,False,False,0,0,,,,,,,,,,,,,,,False,0,200,text/html,,https://x.com/theshawwn/status/1320282149329784833,,271662,,html_response_or_validation_page
2101.00027v1.pdf,doi,10.5281/zenodo.2591652,https://doi.org/10.5281/zenodo.2591652,doi.org,.2591652,False,0,False,0,False,0,False,0,0,not_dataset,pdfs\2101.00027v1.dataset.json,False,False,0,0,,,,,,,,,,,,,,,False,0,,,,,,0,,
2101.00027v1.pdf,body,www.fanfiction.net,https://fanfiction.net,fanfiction.net,,False,0,False,0,False,0,False,0,0,not_dataset,pdfs\2101.00027v1.dataset.json,False,False,0,0,,,,,,,,,,,,,,,False,0,,,,,,0,,
2101.00027v1.pdf,body,https://github.com/SpamScope/,https://github.com/SpamScope,github.com,,False,0,False,0,False,0,False,0,0,not_dataset,pdfs\2101.00027v1.dataset.json,False,False,0,0,,,,,,,,,,,,,,,False,0,200,text/html,,https://github.com/SpamScope,,243820,,html_response_or_validation_page
2101.00027v1.pdf,body,https://www.google.com/recaptcha/api.js?render=*site,https://google.com/recaptcha/api.js?render=%2Asite,google.com,.js,False,0,False,0,False,0,False,0,0,not_dataset,pdfs\2101.00027v1.dataset.json,False,False,0,0,,,,,,,,,,,,,,,False,0,200,text/javascript,,https://google.com/recaptcha/api.js?render=%2Asite,.js,972,,html_response_or_validation_page|suspicious_validation_redirect
2101.00027v1.pdf,body,https://arxiv.org/help/,https://arxiv.org/help,arxiv.org,,False,0,False,0,False,0,False,0,0,not_dataset,pdfs\2101.00027v1.dataset.json,False,False,0,0,,,,,,,,,,,,,,,False,0,200,text/html,14844,https://info.arxiv.org/help/index.html,.html,92006,,html_response_or_validation_page
2101.00027v1.pdf,body,https://launchpad.net/bugs/1627643,https://launchpad.net/bugs/1627643,launchpad.net,,False,0,False,0,False,0,False,0,0,not_dataset,pdfs\2101.00027v1.dataset.json,False,False,0,0,,,,,,,,,,,,,,,False,0,200,text/html,,https://bugs.launchpad.net/ubuntu/+source/linux-raspi2/+bug/1627643,,69451,,html_response_or_validation_page
2101.00027v1.pdf,body,https://github.com/EleutherAI/,https://github.com/EleutherAI,github.com,,False,0,False,0,False,0,False,0,0,not_dataset,pdfs\2101.00027v1.dataset.json,False,False,0,0,,,,,,,,,,,,,,,False,0,200,text/html,,https://github.com/EleutherAI,,298798,,html_response_or_validation_page
2101.00027v1.pdf,body,https://www.courtlistener.com/,https://courtlistener.com/,courtlistener.com,,False,0,False,0,False,0,False,0,0,not_dataset,pdfs\2101.00027v1.dataset.json,False,False,0,0,,,,,,,,,,,,,,,False,0,,,,,,0,,
2101.00027v1.pdf,body,https://archive.org/details/,https://archive.org/details,archive.org,,False,0,True,1,False,0,False,0,1,not_dataset,pdfs\2101.00027v1.dataset.json,False,False,0,0,,,,,,,,,,,,,,,False,0,,,,,,0,,
2101.00027v1.pdf,body,https://bulkdata.uspto.gov/,https://bulkdata.uspto.gov/,bulkdata.uspto.gov,,False,0,False,0,False,0,False,0,0,not_dataset,pdfs\2101.00027v1.dataset.json,False,False,0,0,,,,,,,,,,,,,,,False,0,,,,,,0,,
2101.00027v1.pdf,body,https://irclogs.ubuntu.com/,https://irclogs.ubuntu.com/,irclogs.ubuntu.com,,False,0,False,0,False,0,False,0,0,not_dataset,pdfs\2101.00027v1.dataset.json,False,False,0,0,,,,,,,,,,,,,,,False,0,200,text/html,,https://irclogs.ubuntu.com/,,6327,,html_response_or_validation_page
2101.00027v1.pdf,body,https://philpapers.org/,https://philpapers.org/,philpapers.org,,False,0,False,0,False,0,False,0,0,not_dataset,pdfs\2101.00027v1.dataset.json,False,False,0,0,,,,,,,,,,,,,,,False,0,,,,,,0,,
2101.00027v1.pdf,body,https://exporter.nih.gov/,https://exporter.nih.gov/,exporter.nih.gov,,False,0,False,0,False,0,False,0,0,not_dataset,pdfs\2101.00027v1.dataset.json,False,False,0,0,,,,,,,,,,,,,,,False,0,,,,,,0,,
2101.00027v1.pdf,body,https://news.ycombinator.com,https://news.ycombinator.com,news.ycombinator.com,,False,0,False,0,False,0,False,0,0,not_dataset,pdfs\2101.00027v1.dataset.json,False,False,0,0,,,,,,,,,,,,,,,False,0,200,text/html,,https://news.ycombinator.com/,,34650,,html_response_or_validation_page
2101.00027v1.pdf,body,http://data.statmt,http://data.statmt,data.statmt,,False,0,True,1,False,0,False,0,1,not_dataset,pdfs\2101.00027v1.dataset.json,False,False,0,0,,,,,,,,,,,,,,,False,0,,,,,,0,,
2101.00027v1.pdf,body,https://www.tensorflow.org/datasets/,https://tensorflow.org/datasets,tensorflow.org,,False,0,True,1,True,2,False,0,3,maybe_dataset,pdfs\2101.00027v1.dataset.json,False,False,0,0,,,,,,,,,,,,,,,False,0,200,text/html,,https://www.tensorflow.org/datasets,,114755,,html_response_or_validation_page
2101.00027v1.pdf,body,https://arxiv.org/help/bulk_data_s3,https://arxiv.org/help/bulk_data_s3,arxiv.org,,False,0,True,1,False,0,False,0,1,not_dataset,pdfs\2101.00027v1.dataset.json,False,False,0,0,,,,,,,,,,,,,,,False,0,,,,,,0,,
2101.00027v1.pdf,body,https://www.courtlistener.com/api/,https://courtlistener.com/api,courtlistener.com,,False,0,False,0,False,0,False,0,0,not_dataset,pdfs\2101.00027v1.dataset.json,False,False,0,0,,,,,,,,,,,,,,,False,0,,,,,,0,,
2101.00027v1.pdf,body,http://www.statmt.org/europarl/,http://statmt.org/europarl,statmt.org,,False,0,False,0,False,0,False,0,0,not_dataset,pdfs\2101.00027v1.dataset.json,False,False,0,0,,,,,,,,,,,,,,,False,0,200,text/html,3902,https://statmt.org/europarl/,,10677,,html_response_or_validation_page
2101.00027v1.pdf,body,https://github.com/jdepoix/,https://github.com/jdepoix,github.com,,False,0,False,0,False,0,False,0,0,not_dataset,pdfs\2101.00027v1.dataset.json,False,False,0,0,,,,,,,,,,,,,,,False,0,200,text/html,,https://github.com/jdepoix,,226011,,html_response_or_validation_page
2101.00027v1.pdf,body,https://github.com/vphill/,https://github.com/vphill,github.com,,False,0,False,0,False,0,False,0,0,not_dataset,pdfs\2101.00027v1.dataset.json,False,False,0,0,,,,,,,,,,,,,,,False,0,200,text/html,,https://github.com/vphill,,214699,,html_response_or_validation_page
2101.00027v1.pdf,body,https://github.com/sdtblck/PDFextract,https://github.com/sdtblck/PDFextract,github.com,,False,0,False,0,False,0,False,0,0,not_dataset,pdfs\2101.00027v1.dataset.json,False,False,0,0,,,,,,,,,,,,,,,False,0,200,text/html,,https://github.com/sdtblck/PDFextract,,254571,,html_response_or_validation_page
2101.00027v1.pdf,body,https://github.com/ekzhu/datasketch,https://github.com/ekzhu/datasketch,github.com,,False,0,False,0,True,1,False,0,1,not_dataset,pdfs\2101.00027v1.dataset.json,False,False,0,0,,,,,,,,,,,,,,,False,0,200,text/html,,https://github.com/ekzhu/datasketch,,270390,,html_response_or_validation_page
2101.00027v1.pdf,note,http://Skylion007.github.io/,http://skylion007.github.io/,skylion007.github.io,,False,0,False,0,False,0,False,0,0,not_dataset,pdfs\2101.00027v1.dataset.json,False,False,0,0,,,,,,,,,,,,,,,False,0,200,text/html,7367,https://skylion007.github.io/,,27170,,html_response_or_validation_page
2101.00027v1.pdf,note,https://github.com/BIGBALLON/,https://github.com/BIGBALLON,github.com,,False,0,False,0,False,0,False,0,0,not_dataset,pdfs\2101.00027v1.dataset.json,False,False,0,0,,,,,,,,,,,,,,,False,0,200,text/html,,https://github.com/BIGBALLON,,218563,,html_response_or_validation_page
2105.03011v1.pdf,doi,10.18653/v1/2020.findings-emnlp.66,https://doi.org/10.18653/v1/2020.findings-emnlp.66,doi.org,.66,False,0,False,0,False,0,False,0,0,not_dataset,pdfs\2105.03011v1.dataset.json,False,False,0,0,,,,,,,,,,,,,,,False,0,200,text/html,8847,https://aclanthology.org/2020.findings-emnlp.66/,,36922,,html_response_or_validation_page
2105.03011v1.pdf,doi,10.18653/v1/D18-1241,https://doi.org/10.18653/v1/D18-1241,doi.org,,False,0,False,0,False,0,False,0,0,not_dataset,pdfs\2105.03011v1.dataset.json,False,False,0,0,,,,,,,,,,,,,,,False,0,,,,,,0,,
2105.03011v1.pdf,doi,10.1162/tacl_a_00317,https://doi.org/10.1162/tacl_a_00317,doi.org,,False,0,False,0,False,0,False,0,0,not_dataset,pdfs\2105.03011v1.dataset.json,False,False,0,0,,,,,,,,,,,,,,,False,0,,,,,,0,,
2105.03011v1.pdf,doi,10.18653/v1/D19-1606,https://doi.org/10.18653/v1/D19-1606,doi.org,,False,0,False,0,False,0,False,0,0,not_dataset,pdfs\2105.03011v1.dataset.json,False,False,0,0,,,,,,,,,,,,,,,False,0,,,,,,0,,
2105.03011v1.pdf,doi,10.18653/v1/N19-1423,https://doi.org/10.18653/v1/N19-1423,doi.org,,False,0,False,0,False,0,False,0,0,not_dataset,pdfs\2105.03011v1.dataset.json,False,False,0,0,,,,,,,,,,,,,,,False,0,200,text/html,9033,https://aclanthology.org/N19-1423/,,38790,,html_response_or_validation_page
2105.03011v1.pdf,doi,10.18653/v1/N19-1246,https://doi.org/10.18653/v1/N19-1246,doi.org,,False,0,False,0,False,0,False,0,0,not_dataset,pdfs\2105.03011v1.dataset.json,False,False,0,0,,,,,,,,,,,,,,,False,0,,,,,,0,,
2105.03011v1.pdf,doi,10.18653/v1/2020.emnlp-main.86,https://doi.org/10.18653/v1/2020.emnlp-main.86,doi.org,.86,False,0,False,0,False,0,False,0,0,not_dataset,pdfs\2105.03011v1.dataset.json,False,False,0,0,,,,,,,,,,,,,,,False,0,200,text/html,9358,https://aclanthology.org/2020.emnlp-main.86/,,40838,,html_response_or_validation_page
2105.03011v1.pdf,doi,10.18653/v1/P18-1031,https://doi.org/10.18653/v1/P18-1031,doi.org,,False,0,False,0,False,0,False,0,0,not_dataset,pdfs\2105.03011v1.dataset.json,False,False,0,0,,,,,,,,,,,,,,,False,0,200,text/html,8637,https://aclanthology.org/P18-1031/,,34736,,html_response_or_validation_page
2105.03011v1.pdf,doi,10.18653/v1/D19-1259,https://doi.org/10.18653/v1/D19-1259,doi.org,,False,0,False,0,False,0,False,0,0,not_dataset,pdfs\2105.03011v1.dataset.json,False,False,0,0,,,,,,,,,,,,,,,False,0,,,,,,0,,
2105.03011v1.pdf,doi,10.18653/v1/P17-1147,https://doi.org/10.18653/v1/P17-1147,doi.org,,False,0,False,0,False,0,False,0,0,not_dataset,pdfs\2105.03011v1.dataset.json,False,False,0,0,,,,,,,,,,,,,,,False,0,200,text/html,8959,https://aclanthology.org/P17-1147/,,37376,,html_response_or_validation_page
2105.03011v1.pdf,doi,10.18653/v1/2020.findings-emnlp.171,https://doi.org/10.18653/v1/2020.findings-emnlp.171,doi.org,.171,False,0,False,0,False,0,False,0,0,not_dataset,pdfs\2105.03011v1.dataset.json,False,False,0,0,,,,,,,,,,,,,,,False,0,200,text/html,9329,https://aclanthology.org/2020.findings-emnlp.171/,,40530,,html_response_or_validation_page
2105.03011v1.pdf,doi,10.1162/tacl_a_00023,https://doi.org/10.1162/tacl_a_00023,doi.org,,False,0,False,0,False,0,False,0,0,not_dataset,pdfs\2105.03011v1.dataset.json,False,False,0,0,,,,,,,,,,,,,,,False,0,,,,,,0,,
2105.03011v1.pdf,doi,10.1162/tacl_a_00276,https://doi.org/10.1162/tacl_a_00276,doi.org,,False,0,False,0,False,0,False,0,0,not_dataset,pdfs\2105.03011v1.dataset.json,False,False,0,0,,,,,,,,,,,,,,,False,0,,,,,,0,,
2105.03011v1.pdf,doi,10.18653/v1/2020.acl-main.703,https://doi.org/10.18653/v1/2020.acl-main.703,doi.org,.703,False,0,False,0,False,0,False,0,0,not_dataset,pdfs\2105.03011v1.dataset.json,False,False,0,0,,,,,,,,,,,,,,,False,0,,,,,,0,,
2105.03011v1.pdf,doi,10.18653/v1/2020.acl-main.604,https://doi.org/10.18653/v1/2020.acl-main.604,doi.org,.604,False,0,False,0,False,0,False,0,0,not_dataset,pdfs\2105.03011v1.dataset.json,False,False,0,0,,,,,,,,,,,,,,,False,0,,,,,,0,,
2105.03011v1.pdf,doi,10.18653/v1/2020.acl-main.447,https://doi.org/10.18653/v1/2020.acl-main.447,doi.org,.447,False,0,False,0,False,0,False,0,0,not_dataset,pdfs\2105.03011v1.dataset.json,False,False,0,0,,,,,,,,,,,,,,,False,0,,,,,,0,,
2105.03011v1.pdf,doi,10.18653/v1/W18-5301,https://doi.org/10.18653/v1/W18-5301,doi.org,,False,0,False,0,False,0,False,0,0,not_dataset,pdfs\2105.03011v1.dataset.json,False,False,0,0,,,,,,,,,,,,,,,False,0,200,text/html,8710,https://aclanthology.org/W18-5301/,,36098,,html_response_or_validation_page
2105.03011v1.pdf,doi,10.18653/v1/2020.emnlp-demos.17,https://doi.org/10.18653/v1/2020.emnlp-demos.17,doi.org,.17,False,0,False,0,False,0,False,0,0,not_dataset,pdfs\2105.03011v1.dataset.json,False,False,0,0,,,,,,,,,,,,,,,False,0,200,text/html,9143,https://aclanthology.org/2020.emnlp-demos.17/,,38941,,html_response_or_validation_page
2105.03011v1.pdf,doi,10.18653/v1/D18-1258,https://doi.org/10.18653/v1/D18-1258,doi.org,,False,0,False,0,False,0,False,0,0,not_dataset,pdfs\2105.03011v1.dataset.json,False,False,0,0,,,,,,,,,,,,,,,False,0,200,text/html,8993,https://aclanthology.org/D18-1258/,,37013,,html_response_or_validation_page
2105.03011v1.pdf,doi,10.18653/v1/2020.bionlp-1.15,https://doi.org/10.18653/v1/2020.bionlp-1.15,doi.org,.15,False,0,False,0,False,0,False,0,0,not_dataset,pdfs\2105.03011v1.dataset.json,False,False,0,0,,,,,,,,,,,,,,,False,0,,,,,,0,,
2105.03011v1.pdf,doi,10.18653/v1/D16-1264,https://doi.org/10.18653/v1/D16-1264,doi.org,,False,0,False,0,False,0,False,0,0,not_dataset,pdfs\2105.03011v1.dataset.json,False,False,0,0,,,,,,,,,,,,,,,False,0,,,,,,0,,
2105.03011v1.pdf,doi,10.18653/v1/D19-1500,https://doi.org/10.18653/v1/D19-1500,doi.org,,False,0,False,0,False,0,False,0,0,not_dataset,pdfs\2105.03011v1.dataset.json,False,False,0,0,,,,,,,,,,,,,,,False,0,,,,,,0,,
2105.03011v1.pdf,doi,10.1162/tacl_a_00266,https://doi.org/10.1162/tacl_a_00266,doi.org,,False,0,False,0,False,0,False,0,0,not_dataset,pdfs\2105.03011v1.dataset.json,False,False,0,0,,,,,,,,,,,,,,,False,0,,,,,,0,,
2105.03011v1.pdf,doi,10.18653/v1/W17-2623,https://doi.org/10.18653/v1/W17-2623,doi.org,,False,0,False,0,False,0,False,0,0,not_dataset,pdfs\2105.03011v1.dataset.json,False,False,0,0,,,,,,,,,,,,,,,False,0,200,text/html,9449,https://aclanthology.org/W17-2623/,,41045,,html_response_or_validation_page
2105.03011v1.pdf,doi,10.1162/tacl_a_00021,https://doi.org/10.1162/tacl_a_00021,doi.org,,False,0,False,0,False,0,False,0,0,not_dataset,pdfs\2105.03011v1.dataset.json,False,False,0,0,,,,,,,,,,,,,,,False,0,,,,,,0,,
2105.03011v1.pdf,doi,10.18653/v1/D15-1237,https://doi.org/10.18653/v1/D15-1237,doi.org,,False,0,False,0,False,0,False,0,0,not_dataset,pdfs\2105.03011v1.dataset.json,False,False,0,0,,,,,,,,,,,,,,,False,0,200,text/html,8489,https://aclanthology.org/D15-1237/,,32718,,html_response_or_validation_page
2105.03011v1.pdf,doi,10.18653/v1/D18-1259,https://doi.org/10.18653/v1/D18-1259,doi.org,,False,0,False,0,False,0,False,0,0,not_dataset,pdfs\2105.03011v1.dataset.json,False,False,0,0,,,,,,,,,,,,,,,False,0,200,text/html,9438,https://aclanthology.org/D18-1259/,,40772,,html_response_or_validation_page
2105.03011v1.pdf,body,https://allenai.org/project/qasper,https://allenai.org/project/qasper,allenai.org,,False,0,False,0,False,0,False,0,0,not_dataset,pdfs\2105.03011v1.dataset.json,False,False,0,0,,,,,,,,,,,,,,,False,0,200,text/html,,https://huggingface.co/datasets/allenai/qasper,,267969,,html_response_or_validation_page
2105.03011v1.pdf,body,http://semanticscholar.org,http://semanticscholar.org,semanticscholar.org,,False,0,False,0,False,0,False,0,0,not_dataset,pdfs\2105.03011v1.dataset.json,False,False,0,0,,,,,,,,,,,,,,,False,0,200,text/html,,https://www.semanticscholar.org/,,187742,,html_response_or_validation_page
2105.03011v1.pdf,body,https://www.upwork.com/,https://upwork.com/,upwork.com,,False,0,False,0,False,0,False,0,0,not_dataset,pdfs\2105.03011v1.dataset.json,False,False,0,0,,,,,,,,,,,,,,,False,0,,,,,,0,,
2105.03011v1.pdf,body,https://paperswithcode.com/task/,https://paperswithcode.com/task,paperswithcode.com,,False,0,False,0,False,0,False,0,0,not_dataset,pdfs\2105.03011v1.dataset.json,False,False,0,0,,,,,,,,,,,,,,,False,0,200,text/html,,https://huggingface.co/papers/trending,,267967,,html_response_or_validation_page
2111.02114v1.pdf,body,https://laion.ai/laion-400-open-dataset/,https://laion.ai/laion-400-open-dataset,laion.ai,,False,0,True,1,True,1,False,0,2,not_dataset,pdfs\2111.02114v1.dataset.json,False,False,0,0,,,,,,,,,,,,,,,False,0,200,text/html,3588,https://laion.ai/laion-400-open-dataset/,,13472,,html_response_or_validation_page
2111.02114v1.pdf,body,https://rom1504.github.io/clip-retrieval/,https://rom1504.github.io/clip-retrieval,rom1504.github.io,,False,0,False,0,False,0,False,0,0,not_dataset,pdfs\2111.02114v1.dataset.json,False,False,0,0,,,,,,,,,,,,,,,False,0,200,text/html,303,https://rom1504.github.io/clip-retrieval/,,518,,html_response_or_validation_page
2111.02114v1.pdf,body,https://github.com/rom1504/img2dataset,https://github.com/rom1504/img2dataset,github.com,,False,0,False,0,False,0,False,0,0,not_dataset,pdfs\2111.02114v1.dataset.json,False,False,0,0,,,,,,,,,,,,,,,False,0,200,text/html,,https://github.com/rom1504/img2dataset,,281020,,html_response_or_validation_page
4449.pdf,target,http://research.microsoft.com/barc/SortBenchmark/,http://research.microsoft.com/barc/SortBenchmark,research.microsoft.com,,False,0,False,0,False,0,False,0,0,not_dataset,pdfs\4449.dataset.json,False,False,0,0,,,,,,,,,,,,,,,False,0,200,text/html,32400,https://www.microsoft.com/en-us/research/,,219269,,html_response_or_validation_page
4449.pdf,target,http://alme1.almaden.ibm.com/cs/spsort.pdf,http://alme1.almaden.ibm.com/cs/spsort.pdf,alme1.almaden.ibm.com,.pdf,False,0,False,0,False,0,False,0,0,not_dataset,pdfs\4449.dataset.json,False,False,0,0,,,,,,,,,,,,,,,False,0,,,,,,0,,
NIPS-2012-imagenet-classification-with-deep-convolutional-neural-networks-Paper.pdf,target,www.image-net.org/challenges,https://image-net.org/challenges,image-net.org,,False,0,True,2,True,1,False,0,3,maybe_dataset,pdfs\NIPS-2012-imagenet-classification-with-deep-convolutional-neural-networks-Paper.dataset.json,False,False,0,0,,,,,,,,,,,,,,,False,0,,,,,,0,,
NIPS-2012-imagenet-classification-with-deep-convolutional-neural-networks-Paper.pdf,target,http://www.image-net.org/challenges/LSVRC/2012/,http://image-net.org/challenges/LSVRC/2012,image-net.org,,False,0,True,2,True,1,False,0,3,maybe_dataset,pdfs\NIPS-2012-imagenet-classification-with-deep-convolutional-neural-networks-Paper.dataset.json,False,False,0,0,,,,,,,,,,,,,,,False,0,200,text/html,,https://image-net.org/challenges/LSVRC/2012/,,18582,,html_response_or_validation_page|suspicious_validation_redirect
NIPS-2012-imagenet-classification-with-deep-convolutional-neural-networks-Paper.pdf,target,http://authors.library.caltech.edu/7694,http://authors.library.caltech.edu/7694,authors.library.caltech.edu,,False,0,False,0,False,0,False,0,0,not_dataset,pdfs\NIPS-2012-imagenet-classification-with-deep-convolutional-neural-networks-Paper.dataset.json,False,False,0,0,,,,,,,,,,,,,,,False,0,200,text/html,,https://authors.library.caltech.edu/records/5sv1j-ytw97,,69168,,html_response_or_validation_page
NIPS-2012-imagenet-classification-with-deep-convolutional-neural-networks-Paper.pdf,body,http://code.google.com/p/cuda-convnet/,http://code.google.com/p/cuda-convnet,code.google.com,,False,0,False,0,False,0,False,0,0,not_dataset,pdfs\NIPS-2012-imagenet-classification-with-deep-convolutional-neural-networks-Paper.dataset.json,False,False,0,0,,,,,,,,,,,,,,,False,0,200,text/html,957,https://code.google.com/archive/p/cuda-convnet,,2438,,html_response_or_validation_page
TSP_IASC_36323.pdf,target,https://doi.org/10.1016/j.media.2021.102188,https://doi.org/10.1016/j.media.2021.102188,doi.org,.102188,False,0,False,0,False,0,True,2,2,not_dataset,pdfs\TSP_IASC_36323.dataset.json,False,False,0,11,0.9970671534538269,dataset_mentions_in_json|positive_confidence_score,,,,,,,,,,,,,False,0,200,text/html,2705,https://linkinghub.elsevier.com/retrieve/pii/S1361841521002346,,2705,,html_response_or_validation_page
TSP_IASC_36323.pdf,target,https://doi.org/10.1142/9789811239014_0005,https://doi.org/10.1142/9789811239014_0005,doi.org,,False,0,False,0,False,0,True,2,2,not_dataset,pdfs\TSP_IASC_36323.dataset.json,False,False,0,11,0.9970671534538269,dataset_mentions_in_json|positive_confidence_score,,,,,,,,,,,,,False,0,,,,,,0,,
TSP_IASC_36323.pdf,target,https://doi.org/10.1016/j.inffus.2020.04.002,https://doi.org/10.1016/j.inffus.2020.04.002,doi.org,.002,False,0,False,0,False,0,True,2,2,not_dataset,pdfs\TSP_IASC_36323.dataset.json,False,False,0,11,0.9970671534538269,dataset_mentions_in_json|positive_confidence_score,,,,,,,,,,,,,False,0,200,text/html,2756,https://linkinghub.elsevier.com/retrieve/pii/S1566253520302542,,2756,,html_response_or_validation_page
TSP_IASC_36323.pdf,target,https://doi.org/10.1016/j.patcog.2021.108146,https://doi.org/10.1016/j.patcog.2021.108146,doi.org,.108146,False,0,False,0,False,0,True,2,2,not_dataset,pdfs\TSP_IASC_36323.dataset.json,False,False,0,11,0.9970671534538269,dataset_mentions_in_json|positive_confidence_score,,,,,,,,,,,,,False,0,200,text/html,2714,https://linkinghub.elsevier.com/retrieve/pii/S0031320321003332,,2714,,html_response_or_validation_page
TSP_IASC_36323.pdf,target,https://doi.org/10.1088/1755-1315/428/1/012097,https://doi.org/10.1088/1755-1315/428/1/012097,doi.org,,False,0,False,0,False,0,True,2,2,not_dataset,pdfs\TSP_IASC_36323.dataset.json,False,False,0,11,0.9970671534538269,dataset_mentions_in_json|positive_confidence_score,,,,,,,,,,,,,False,0,200,text/html,5344,https://validate.perfdrive.com/fb803c746e9148689b3984a31fccd902/?ssa=4490c892-3140-4466-b242-0a798e2d1e46&ssb=48075274316&ssc=https%3A%2F%2Fiopscience.iop.org%2Farticle%2F10.1088%2F1755-1315%2F428%2F1%2F012097&ssi=2c95bdd9-cnvj-4750-ab0e-4605dd29af57&ssk=botmanager_support@radware.com&ssm=64532994096523806107095357954314&ssn=eaf08f9cafd5da77ad0d6236f633d8887d5304af6d60-0aa4-429e-9b9267&sso=cb78851a-7638a4b799d945ee43f7cefd73cf568b7bd9a3aa9818b3fa&ssp=01265555871778680981177865784509209&ssq=57219665760932910928657609780696571291871&ssr=NzkuMTE3LjE2NS4xMzE=&sst=python-requests/2.32.5&ssu=&ssv=&ssw=&ssx=eyJfX3V6bWYiOiI3ZjkwMDAwNGFmNmQ2MC0wYWE0LTQyOWUtOTUxYS03NjM4YTRiNzk5ZDkxLTE3Nzg2NTc2MDk3NzcwLTAwMzlkODc1NDNmMDFlYzc2N2IxMCIsInJkIjoiaW9wLm9yZyIsInV6bXgiOiI3ZjkwMDAyMThlODY1MS0yNTRiLTQxMjYtOTE4My0wMjA2Y2IyNDEyZWExLTE3Nzg2NTc2MDk3NzcwLTE5YzIwNjk4MDhhODVjNzExMCJ9,,14371,,html_response_or_validation_page|suspicious_validation_redirect
TSP_IASC_36323.pdf,target,https://doi.org/10.1016/j.neucom.2022.03.062,https://doi.org/10.1016/j.neucom.2022.03.062,doi.org,.062,False,0,False,0,False,0,True,2,2,not_dataset,pdfs\TSP_IASC_36323.dataset.json,False,False,0,11,0.9970671534538269,dataset_mentions_in_json|positive_confidence_score,,,,,,,,,,,,,False,0,200,text/html,2736,https://linkinghub.elsevier.com/retrieve/pii/S0925231222003563,,2736,,html_response_or_validation_page
TSP_IASC_36323.pdf,target,https://doi.org/10.1016/j.neunet.2018.03.019,https://doi.org/10.1016/j.neunet.2018.03.019,doi.org,.019,False,0,False,0,False,0,True,2,2,not_dataset,pdfs\TSP_IASC_36323.dataset.json,False,False,0,11,0.9970671534538269,dataset_mentions_in_json|positive_confidence_score,,,,,,,,,,,,,False,0,200,text/html,2724,https://linkinghub.elsevier.com/retrieve/pii/S0893608018301126,,2724,,html_response_or_validation_page
TSP_IASC_36323.pdf,target,https://doi.org/10.1145/3357254.3357276,https://doi.org/10.1145/3357254.3357276,doi.org,.3357276,False,0,False,0,False,0,True,2,2,not_dataset,pdfs\TSP_IASC_36323.dataset.json,False,False,0,11,0.9970671534538269,dataset_mentions_in_json|positive_confidence_score,,,,,,,,,,,,,False,0,,,,,,0,,
TSP_IASC_36323.pdf,target,https://doi.org/10.1016/j.patcog.2020.107420,https://doi.org/10.1016/j.patcog.2020.107420,doi.org,.107420,False,0,False,0,False,0,True,2,2,not_dataset,pdfs\TSP_IASC_36323.dataset.json,False,False,0,11,0.9970671534538269,dataset_mentions_in_json|positive_confidence_score,,,,,,,,,,,,,False,0,200,text/html,2684,https://linkinghub.elsevier.com/retrieve/pii/S0031320320302235,,2684,,html_response_or_validation_page
TSP_IASC_36323.pdf,target,https://doi.org/10.1016/j.neucom.2021.03.108,https://doi.org/10.1016/j.neucom.2021.03.108,doi.org,.108,False,0,False,0,False,0,True,2,2,not_dataset,pdfs\TSP_IASC_36323.dataset.json,False,False,0,11,0.9970671534538269,dataset_mentions_in_json|positive_confidence_score,,,,,,,,,,,,,False,0,200,text/html,2692,https://linkinghub.elsevier.com/retrieve/pii/S0925231221005002,,2692,,html_response_or_validation_page
TSP_IASC_36323.pdf,target,https://doi.org/10.1016/j.patcog.2018.04.012,https://doi.org/10.1016/j.patcog.2018.04.012,doi.org,.012,False,0,False,0,False,0,True,2,2,not_dataset,pdfs\TSP_IASC_36323.dataset.json,False,False,0,11,0.9970671534538269,dataset_mentions_in_json|positive_confidence_score,,,,,,,,,,,,,False,0,200,text/html,2705,https://linkinghub.elsevier.com/retrieve/pii/S0031320318301456,,2705,,html_response_or_validation_page
TSP_IASC_36323.pdf,target,https://doi.org/10.1109/SPIN.2019.8711703,https://doi.org/10.1109/SPIN.2019.8711703,doi.org,.8711703,False,0,False,0,False,0,True,2,2,not_dataset,pdfs\TSP_IASC_36323.dataset.json,False,False,0,11,0.9970671534538269,dataset_mentions_in_json|positive_confidence_score,,,,,,,,,,,,,False,0,,,,,,0,,
TSP_IASC_36323.pdf,target,https://doi.org/10.1016/j.procs.2020.04.206,https://doi.org/10.1016/j.procs.2020.04.206,doi.org,.206,False,0,False,0,False,0,True,2,2,not_dataset,pdfs\TSP_IASC_36323.dataset.json,False,False,0,11,0.9970671534538269,dataset_mentions_in_json|positive_confidence_score,,,,,,,,,,,,,False,0,200,text/html,2692,https://linkinghub.elsevier.com/retrieve/pii/S1877050920311881,,2692,,html_response_or_validation_page
TSP_IASC_36323.pdf,target,https://doi.org/10.1016/j.inffus.2020.10.0082021,https://doi.org/10.1016/j.inffus.2020.10.0082021,doi.org,.0082021,False,0,False,0,False,0,True,2,2,not_dataset,pdfs\TSP_IASC_36323.dataset.json,False,False,0,11,0.9970671534538269,dataset_mentions_in_json|positive_confidence_score,,,,,,,,,,,,,False,0,,,,,,0,,
TSP_IASC_36323.pdf,target,https://arxiv.org/abs/1409.4842v1,https://arxiv.org/abs/1409.4842v1,arxiv.org,.4842v1,False,0,False,0,False,0,True,2,2,not_dataset,pdfs\TSP_IASC_36323.dataset.json,False,False,0,11,0.9970671534538269,dataset_mentions_in_json|positive_confidence_score,,,,,,,,,,,,,False,0,200,text/html,46316,https://arxiv.org/abs/1409.4842v1,.4842v1,46316,,html_response_or_validation_page
TSP_IASC_36323.pdf,target,https://arxiv.org/abs/1512.00567v3,https://arxiv.org/abs/1512.00567v3,arxiv.org,.00567v3,False,0,False,0,False,0,True,2,2,not_dataset,pdfs\TSP_IASC_36323.dataset.json,False,False,0,11,0.9970671534538269,dataset_mentions_in_json|positive_confidence_score,,,,,,,,,,,,,False,0,200,text/html,47380,https://arxiv.org/abs/1512.00567v3,.00567v3,47380,,html_response_or_validation_page
TSP_IASC_36323.pdf,target,https://arxiv.org/abs/1610.02357,https://arxiv.org/abs/1610.02357,arxiv.org,.02357,False,0,False,0,False,0,True,2,2,not_dataset,pdfs\TSP_IASC_36323.dataset.json,False,False,0,11,0.9970671534538269,dataset_mentions_in_json|positive_confidence_score,,,,,,,,,,,,,False,0,200,text/html,45601,https://arxiv.org/abs/1610.02357,.02357,45601,,html_response_or_validation_page
TSP_IASC_36323.pdf,target,https://arxiv.org/abs/1409.1556,https://arxiv.org/abs/1409.1556,arxiv.org,.1556,False,0,False,0,False,0,True,2,2,not_dataset,pdfs\TSP_IASC_36323.dataset.json,False,False,0,11,0.9970671534538269,dataset_mentions_in_json|positive_confidence_score,,,,,,,,,,,,,False,0,200,text/html,44959,https://arxiv.org/abs/1409.1556,.1556,44959,,html_response_or_validation_page
TSP_IASC_36323.pdf,doi,10.32604/iasc.2023.036323,https://doi.org/10.32604/iasc.2023.036323,doi.org,.036323,False,0,False,0,False,0,True,2,2,not_dataset,pdfs\TSP_IASC_36323.dataset.json,False,False,0,11,0.9970671534538269,dataset_mentions_in_json|positive_confidence_score,,,,,,,,,,,,,False,0,200,text/html,,https://www.techscience.com/iasc/v36n3/51937,,66756,,html_response_or_validation_page
TSP_IASC_36323.pdf,note,https://doi.org/10.1016/j,https://doi.org/10.1016/j,doi.org,,False,0,False,0,False,0,True,2,2,not_dataset,pdfs\TSP_IASC_36323.dataset.json,False,False,0,11,0.9970671534538269,dataset_mentions_in_json|positive_confidence_score,,,,,,,,,,,,,False,0,,,,,,0,,
